date,open,high,low,close,volume,prior_252_high,breakout_close_ge,vol_sma20,volume_ok,atr14_sma,atr14_wilder,nifty_close,market_ok,labs_buy_signal
2023-08-21,1417.6,1417.6,1397.0,1404.6,39644.0,1487.0,0,59228.85,0,22.68214285714287,23.961745996938145,16852.1,True,0
2023-08-22,1410.0,1410.0,1397.75,1401.65,13996.0,1487.0,0,57754.8,0,22.225000000000005,23.125192711442562,16905.2,True,0
2023-08-23,1401.65,1426.65,1387.8,1421.55,162685.0,1487.0,0,60970.65,1,23.507142857142867,24.248393232053818,16950.2,True,0
2023-08-24,1422.95,1424.0,1407.0,1411.45,59709.0,1487.0,0,57808.95,1,22.407142857142862,23.730650858335686,16930.2,True,0
2023-08-25,1410.0,1425.0,1397.1,1420.4,46656.0,1485.0,0,56176.85,0,23.41785714285715,24.028461511311715,16820.8,True,0
2023-08-28,1420.75,1448.0,1410.0,1412.75,90350.0,1485.0,0,57867.95,1,24.97857142857143,25.02642854621802,16875.3,True,0
2023-08-29,1419.85,1431.7,1411.0,1413.5,27644.0,1485.0,0,56530.85,0,25.489285714285725,24.717397935773878,16927.3,True,0
2023-08-30,1415.05,1420.9,1405.0,1414.15,24202.0,1485.0,0,55196.95,0,23.26785714285716,24.087583797504323,16968.9,True,0
2023-08-31,1414.95,1446.25,1414.95,1429.5,166401.0,1485.0,0,60456.45,1,23.91785714285715,24.65989924053972,16924.3,True,0
2023-09-01,1420.0,1468.0,1416.5,1438.3,114833.0,1484.95,0,62210.25,1,25.721428571428582,26.57704929478688,17074.6,True,0
2023-09-04,1447.95,1474.0,1421.1,1426.1,88766.0,1477.55,0,65984.35,1,27.178571428571445,28.457260059444966,17180.9,True,0
2023-09-05,1430.0,1461.25,1422.85,1457.5,78092.0,1476.65,0,67634.7,1,28.94285714285716,29.167455769484615,17252.1,True,0
2023-09-06,1463.9,1464.75,1443.0,1446.9,32865.0,1474.0,0,66997.3,0,29.264285714285734,28.637637500235712,17284.6,True,0
2023-09-07,1435.0,1468.0,1435.0,1444.25,104757.0,1474.0,0,67339.45,1,30.06071428571431,28.949234821647448,17385.5,True,0
2023-09-08,1425.2,1465.65,1425.2,1461.5,79063.0,1474.0,0,68984.15,1,31.478571428571463,29.77071804867263,17487.4,True,0
2023-09-11,1465.0,1480.85,1454.1,1460.45,79087.0,1474.0,0,68318.4,1,32.51428571428575,29.55495247376744,17653.3,True,0
2023-09-12,1466.1,1480.55,1439.0,1461.75,59029.0,1480.85,0,67742.15,0,32.70714285714288,30.41174158278405,17460.6,True,0
2023-09-13,1465.95,1552.0,1455.4,1544.05,335670.0,1480.85,1,83427.3,1,38.39285714285716,35.1394743268709,17526.8,True,1
2023-09-14,1552.0,1554.0,1531.0,1538.55,96048.0,1552.0,0,87355.85,1,38.04285714285715,34.272369017808685,17603.5,True,0
2023-09-15,1538.55,1615.05,1499.25,1600.25,306690.0,1554.0,1,100309.35,1,43.60000000000001,40.09577123082234,17665.8,True,1
2023-09-18,1593.45,1624.0,1578.65,1592.95,138150.0,1615.05,0,105234.65,1,45.36071428571428,40.4710732857636,17613.6,True,0
2023-09-20,1595.0,1605.05,1560.0,1568.85,46263.0,1624.0,0,106848.0,0,47.44285714285713,40.79813947963763,17449.3,True,0
2023-09-21,1560.75,1595.8,1545.4,1555.8,92022.0,1624.0,0,103314.85,0,48.749999999999986,41.48398665966351,17303.5,True,0
2023-09-22,1565.0,1575.45,1544.75,1560.55,143149.0,1624.0,0,107486.85,1,47.2642857142857,40.713701898258975,17260.8,True,0
2023-09-25,1560.55,1578.9,1532.85,1539.65,49380.0,1624.0,0,107623.05,0,46.77499999999999,41.094866048383345,17272.6,True,0
2023-09-26,1541.65,1559.0,1514.9,1524.8,71372.0,1624.0,0,106674.15,0,47.182142857142836,41.30951847349881,17276.8,True,0
2023-09-27,1527.6,1545.0,1515.2,1525.3,42896.0,1624.0,0,107436.75,0,47.75714285714283,40.487410011106036,17341.6,True,0
2023-09-28,1528.4,1540.0,1501.25,1512.15,27217.0,1624.0,0,107587.5,0,48.16785714285712,40.36330929602703,17170.4,True,0
2023-09-29,1513.35,1568.1,1512.2,1548.25,71984.0,1624.0,0,102866.65,0,49.27499999999996,41.476644346310806,17292.6,True,0
2023-10-03,1549.0,1578.0,1535.0,1570.4,160141.0,1624.0,0,105132.05,1,50.43571428571425,41.58545546443146,17254.4,True,0
2023-10-04,1550.0,1572.15,1536.2,1560.9,233489.0,1624.0,0,112368.2,1,50.035714285714256,41.18292293125779,17123.1,True,0
2023-10-05,1565.0,1568.75,1537.0,1540.55,26736.0,1624.0,0,109800.4,0,45.403571428571404,40.509142721882235,17195.8,True,0
2023-10-06,1548.1,1570.8,1536.25,1555.0,50525.0,1624.0,0,110683.4,0,46.2285714285714,40.08348967031922,17293.6,True,0
2023-10-09,1548.0,1570.0,1530.0,1539.95,48806.0,1624.0,0,107885.85,0,40.81428571428569,40.077526122439274,17127.7,True,0
2023-10-10,1539.3,1552.0,1535.0,1547.5,51752.0,1624.0,0,106520.3,0,38.7892857142857,38.42913139940789,17303.3,True,0
2023-10-11,1543.85,1568.4,1529.95,1533.2,30150.0,1624.0,0,104073.45,0,38.31785714285713,38.430622013735906,17407.3,True,0
2023-10-12,1525.5,1546.9,1515.0,1521.75,27165.0,1624.0,0,102480.25,0,36.996428571428574,37.964149012754774,17419.7,True,0
2023-10-13,1515.0,1544.15,1515.0,1527.75,38054.0,1624.0,0,87599.45,0,36.88571428571429,37.33456694041515,17390.3,True,0
2023-10-16,1533.0,1598.2,1524.65,1537.5,116405.0,1624.0,0,88617.3,1,38.84999999999999,39.921383587528354,17393.0,True,0
2023-10-17,1544.95,1551.95,1529.7,1533.9,79587.0,1624.0,0,77262.15,1,37.28928571428571,38.6591419027049,17467.7,True,0
2023-10-18,1535.0,1542.0,1513.1,1517.85,37947.0,1624.0,0,72252.0,0,37.22500000000001,37.96206033822599,17344.0,True,0
2023-10-19,1519.95,1544.0,1516.0,1537.05,119518.0,1624.0,0,75914.75,1,36.45714285714286,37.250484599781274,17310.5,True,0
2023-10-20,1536.6,1548.05,1520.0,1525.25,98398.0,1624.0,0,76233.55,1,34.46428571428573,36.59330712836832,17208.8,True,0
2023-10-23,1525.25,1529.55,1458.85,1463.8,54803.0,1624.0,0,71816.25,0,36.442857142857164,39.029499476342025,16888.7,False,0
2023-10-25,1483.75,1488.95,1454.0,1462.35,103120.0,1624.0,0,74503.25,1,36.37142857142859,38.738106656603314,16760.8,False,0
2023-10-26,1432.2,1455.0,1432.2,1440.3,63644.0,1624.0,0,74116.85,0,36.25714285714287,38.12467046684593,16555.4,False,0
2023-10-27,1449.55,1453.9,1430.05,1434.4,81687.0,1624.0,0,76056.4,1,35.49285714285717,37.10505114778552,16765.4,False,0
2023-10-30,1433.3,1437.65,1425.0,1429.65,26951.0,1624.0,0,76043.1,0,33.53928571428575,35.35826178008656,16826.1,False,0
2023-10-31,1429.7,1434.8,1415.65,1423.35,30612.0,1624.0,0,73974.5,0,33.692857142857164,34.20052879579465,16801.1,False,0
2023-11-01,1424.0,1428.25,1400.05,1406.85,42210.0,1624.0,0,68077.95,0,32.9607142857143,33.77191959609504,16732.9,False,0
2023-11-02,1413.9,1418.55,1385.05,1390.25,45459.0,1624.0,0,58676.45,0,33.07500000000001,33.75249676780253,16890.8,False,0
2023-11-03,1397.45,1412.7,1388.95,1405.15,220999.0,1624.0,0,68389.6,1,32.689285714285724,33.03803271295949,17000.9,False,0
2023-11-06,1408.15,1455.55,1408.15,1431.25,200487.0,1624.0,0,75887.7,1,31.035714285714285,34.278173233462375,17159.4,False,0
2023-11-07,1435.0,1439.6,1416.0,1421.4,27305.0,1624.0,0,74812.65,0,31.13214285714285,33.51544657392934,17187.8,False,0
2023-11-08,1421.45,1480.6,1421.45,1445.2,345839.0,1624.0,0,89517.0,1,33.29642857142854,35.35005753293437,17259.7,True,0
2023-11-09,1446.3,1479.95,1441.15,1449.4,47955.0,1624.0,0,90407.25,0,34.067857142857115,35.59648199486763,17218.9,True,0
2023-11-10,1472.0,1496.95,1449.05,1471.8,282109.0,1624.0,0,103154.45,1,35.485714285714266,36.47530470951995,17256.6,True,0
2023-11-12,1485.0,1492.6,1478.1,1481.8,18421.0,1624.0,0,102172.8,0,31.921428571428546,35.35564008741138,17361.1,True,0
2023-11-13,1481.8,1509.95,1463.0,1471.2,64633.0,1624.0,0,99584.2,0,32.778571428571404,36.183808652596284,17318.6,True,0
2023-11-15,1483.2,1570.0,1481.85,1552.7,308507.0,1624.0,0,111030.2,1,37.682142857142836,40.6563937488394,17508.1,True,0
2023-11-16,1557.7,1644.9,1557.7,1587.95,520343.0,1624.0,0,135150.0,1,42.56428571428569,44.33807990963658,17593.1,True,0
2023-11-17,1591.0,1614.75,1566.3,1576.65,167085.0,1644.9,0,137528.35,1,45.121428571428545,44.63178848751969,17600.5,True,0
2023-11-20,1577.0,1675.0,1577.0,1647.95,586297.0,1644.9,1,161923.3,1,50.778571428571404,48.46880359555399,17573.7,True,1
2023-11-21,1647.95,1688.0,1646.05,1660.1,217055.0,1675.0,0,170035.9,1,51.76071428571426,48.00317476730014,17627.6,True,0
2023-11-22,1680.0,1727.0,1666.35,1694.95,366111.0,1688.0,1,183185.45,1,54.14642857142855,49.35294799820728,17627.7,True,1
2023-11-23,1700.0,1706.25,1677.85,1684.2,146593.0,1727.0,0,187332.9,0,54.47857142857141,47.85630885547819,17639.4,True,0
2023-11-24,1688.0,1706.0,1622.5,1644.75,158716.0,1727.0,0,191184.35,0,56.84285714285714,50.40228679437261,17643.5,True,0
2023-11-28,1646.05,1709.9,1638.0,1644.0,194289.0,1727.0,0,199551.25,0,60.29285714285715,51.93783773763171,17741.8,True,0
2023-11-29,1657.1,1679.75,1616.9,1633.4,175879.0,1727.0,0,206814.6,0,60.553571428571445,52.71727789922944,17904.1,True,0
2023-11-30,1640.5,1695.5,1640.5,1657.1,215735.0,1727.0,0,215490.85,1,62.217857142857156,53.387472334998755,17987.9,True,0
2023-12-01,1670.0,1708.0,1669.95,1678.15,215618.0,1727.0,0,223998.8,0,62.43214285714287,53.209795739641706,18115.3,True,0
2023-12-04,1710.0,1739.75,1691.1,1695.65,197430.0,1727.0,0,222820.35,0,65.34642857142858,53.809096043953005,18448.5,True,0
2023-12-05,1700.0,1725.55,1686.75,1691.7,169007.0,1739.75,0,221246.35,0,64.76428571428572,52.73701775509922,18588.6,True,0
2023-12-06,1708.8,1715.0,1681.0,1686.35,140250.0,1739.75,0,226893.6,0,60.13571428571429,51.3986593440207,18680.0,True,0
2023-12-07,1694.8,1710.0,1684.0,1688.85,161953.0,1739.75,0,217699.3,0,55.40714285714286,49.58446939087636,18703.8,True,0
2023-12-08,1705.0,1713.95,1682.05,1690.1,110263.0,1739.75,0,220814.7,0,54.22500000000001,48.321293005813764,18703.5,True,0
2023-12-11,1693.0,1697.95,1673.95,1679.85,58764.0,1739.75,0,209647.45,0,48.914285714285725,46.584057791112784,18770.2,True,0
2023-12-12,1682.0,1697.0,1661.35,1676.8,72890.0,1739.75,0,212370.9,0,48.46428571428573,45.803053663176165,18686.8,True,0
2023-12-13,1693.55,1747.0,1667.05,1732.95,244835.0,1739.75,0,221381.0,1,49.39642857142859,48.24212125866359,18751.4,True,0
2023-12-14,1740.95,1770.0,1740.1,1746.1,256509.0,1747.0,0,218781.1,1,50.01428571428572,47.4426840259019,18973.8,True,0
2023-12-15,1746.1,1778.95,1746.05,1773.9,211596.0,1770.0,1,203343.75,1,46.40000000000001,46.40392088119462,19145.1,True,1
2023-12-18,1782.0,1782.0,1732.1,1742.1,96290.0,1778.95,0,199804.0,0,44.828571428571436,46.65364081825216,19155.6,True,0
2023-12-19,1742.1,1765.0,1725.7,1744.65,120464.0,1782.0,0,176512.35,0,43.14642857142859,46.12838075980557,19169.2,True,0
2023-12-20,1746.05,1762.8,1677.05,1687.4,101221.0,1782.0,0,170720.65,0,44.8357142857143,48.95849641981946,18779.4,True,0
2023-12-21,1670.0,1740.9,1667.85,1733.6,190230.0,1782.0,0,161926.6,1,46.417857142857166,50.67931810411808,18941.8,True,0
2023-12-22,1733.6,1760.0,1715.0,1754.05,96728.0,1782.0,0,159433.35,0,45.23214285714289,50.2736525252525,19054.7,True,0
2023-12-26,1755.0,1775.1,1748.25,1766.85,154004.0,1782.0,0,159197.75,0,44.378571428571455,48.600534487734464,19148.8,True,0
2023-12-27,1775.0,1848.0,1762.95,1809.75,464701.0,1782.0,1,172718.35,1,48.02500000000003,51.20406773861057,19296.9,True,1
2023-12-28,1820.0,1928.8,1797.0,1849.55,765983.0,1848.0,1,202223.55,1,55.58214285714288,56.96092004299552,19399.2,True,1
2023-12-29,1853.0,1959.0,1846.75,1898.15,619830.0,1928.8,0,222428.3,1,61.32142857142859,60.91014003992441,19429.2,True,0
2024-01-01,1905.9,1988.85,1904.45,1951.55,599164.0,1959.0,0,241605.6,1,66.08571428571429,63.03798717992979,19469.5,True,0
2024-01-02,1952.0,2080.05,1952.0,2049.0,1002951.0,1988.85,1,281881.65,1,72.71785714285716,67.71384523850625,19418.4,True,1
2024-01-03,2059.85,2122.0,2042.2,2065.85,446546.0,2080.05,0,295758.6,1,72.70714285714287,68.57714200718438,19367.2,True,0
2024-01-04,2090.0,2136.75,2079.7,2090.1,473293.0,2122.0,0,312410.75,1,75.12500000000001,68.74306043524264,19541.2,True,0
2024-01-05,2100.0,2157.8,2095.75,2149.55,523909.0,2136.75,1,330508.55,1,77.61071428571431,68.66855611843961,19590.6,True,1
2024-01-08,2171.0,2187.0,2087.55,2110.2,414675.0,2157.8,0,345729.15,1,81.15,70.8672306814082,19417.7,True,0
2024-01-09,2134.0,2174.25,2071.0,2086.8,190255.0,2187.0,0,352303.7,0,85.71785714285716,73.18028563273619,19459.6,True,0
2024-01-10,2098.0,2259.0,2088.0,2201.75,966565.0,2187.0,1,396987.45,1,91.89285714285714,80.25312237325501,19517.8,True,1
2024-01-11,2206.4,2244.0,2179.6,2199.7,283804.0,2259.0,0,398935.9,0,91.27499999999999,79.12075648945108,19584.3,True,0
2024-01-12,2212.0,2274.0,2204.35,2257.0,527788.0,2259.0,0,412499.85,1,93.36785714285715,78.7764167402046,19745.6,True,0
2024-01-15,2257.0,2284.4,2220.0,2259.2,368635.0,2274.0,0,420351.8,0,96.05000000000003,77.74952983018999,19885.6,True,0
2024-01-16,2259.9,2275.15,2240.0,2253.05,295210.0,2284.4,0,430297.8,0,92.48571428571431,74.70670627089069,19827.6,True,0
2024-01-17,2247.0,2334.0,2240.65,2270.3,352667.0,2284.4,0,441907.95,0,89.73928571428574,76.03837010868422,19487.6,True,0
2024-01-18,2251.05,2374.8,2243.35,2329.9,318008.0,2334.0,0,452747.3,0,91.11071428571434,79.99634367234965,19414.8,True,0
2024-01-19,2329.95,2357.0,2278.95,2296.1,296109.0,2374.8,0,458041.25,0,90.20714285714293,79.85731912432469,19606.4,True,0
2024-01-20,2317.95,2317.95,2261.0,2269.8,55159.0,2374.8,0,455962.8,0,85.09642857142862,78.22108204401577,19601.9,True,0
2024-01-23,2275.0,2304.0,2209.0,2225.95,183333.0,2374.8,0,457429.25,0,86.1821428571429,79.41957618372894,19206.4,True,0
2024-01-24,2225.5,2249.9,2156.25,2195.25,195344.0,2374.8,0,443961.4,0,87.8071428571429,80.4360350277483,19451.0,True,0
2024-01-25,2204.0,2293.0,2145.0,2193.25,188319.0,2374.8,0,415078.2,0,93.54285714285717,85.26203252576627,19393.0,True,0
2024-01-29,2210.15,2222.0,2161.25,2183.75,77732.0,2374.8,0,387973.3,0,90.77857142857147,83.51117305964011,19711.7,True,0
2024-01-30,2185.0,2210.0,2159.0,2197.65,137554.0,2374.8,0,364892.8,0,87.0464285714286,81.18894641252295,19574.2,True,0
2024-01-31,2218.75,2274.25,2210.0,2249.9,199271.0,2374.8,0,324708.8,0,80.21785714285718,80.86116452591416,19802.1,True,0
2024-02-01,2250.0,2274.8,2202.1,2228.05,144365.0,2374.8,0,309599.75,0,80.81071428571434,80.2782242026346,19777.3,True,0
2024-02-02,2258.9,2325.0,2235.7,2307.5,166589.0,2374.8,0,294264.55,0,82.42857142857146,81.46906533101784,19910.8,True,0
2024-02-05,2309.8,2493.4,2282.0,2448.2,323824.0,2374.8,1,284260.3,1,92.92857142857146,90.74984637880229,19853.5,True,1
2024-02-06,2463.0,2524.0,2431.25,2466.8,289022.0,2493.4,0,277977.65,1,97.04285714285717,90.89271449460213,20033.8,True,0
2024-02-07,2472.75,2517.45,2407.1,2429.3,137560.0,2524.0,0,275342.9,0,98.25714285714288,92.28252060213053,20109.6,True,0
2024-02-08,2430.0,2480.0,2410.0,2420.8,114996.0,2524.0,0,232764.45,0,93.86785714285715,90.69091198769263,19987.6,True,0
2024-02-09,2500.0,2500.0,2345.0,2382.65,162242.0,2524.0,0,226686.35,0,99.36428571428571,95.28441827428603,19961.5,True,0
2024-02-12,2410.0,2440.05,2301.0,2340.15,164619.0,2524.0,0,208527.9,0,105.22857142857144,98.41053125469418,19675.2,True,0
2024-02-13,2190.05,2243.95,2091.05,2179.65,597317.0,2524.0,0,219962.0,1,116.2357142857143,109.17406473650172,19782.9,True,0
2024-02-14,2156.55,2212.0,2138.2,2153.5,162876.0,2524.0,0,213345.3,0,114.81785714285716,106.6473458267516,19922.3,True,0
2024-02-15,2188.0,2225.0,2130.05,2199.8,125602.0,2524.0,0,201992.05,0,111.02857142857144,105.81182112484076,20037.0,True,0
2024-02-16,2225.0,2278.75,2205.05,2259.15,119049.0,2524.0,0,192044.1,0,112.32857142857142,103.89311961592355,20164.9,True,0
2024-02-19,2318.25,2318.25,2245.0,2255.75,99854.0,2524.0,0,182231.35,0,113.91785714285713,101.7043253576433,20241.1,True,0
2024-02-20,2260.0,2312.15,2245.0,2289.05,119226.0,2524.0,0,185434.7,0,113.24285714285715,99.23615926066877,20271.9,True,0
2024-02-21,2295.0,2312.15,2209.1,2238.35,78430.0,2524.0,0,180189.55,0,115.41071428571429,99.50857645633529,20128.3,True,0
2024-02-22,2258.0,2258.0,2151.15,2159.3,212938.0,2524.0,0,181069.25,1,116.11785714285715,100.03296385231134,20283.95,True,0
2024-02-23,2160.0,2182.15,2149.5,2170.8,80441.0,2524.0,0,175675.35,0,103.35000000000001,95.21989500571769,20313.5,True,0
2024-02-26,2170.85,2190.0,2154.0,2171.9,94131.0,2524.0,0,176495.3,0,99.29642857142858,90.98990250530927,20255.8,True,0
2024-02-27,2152.3,2199.15,2152.3,2167.6,122017.0,2524.0,0,175718.45,0,94.76071428571429,87.8370523263586,20292.85,True,0
2024-02-28,2168.35,2205.35,2138.95,2154.15,87477.0,2524.0,0,170128.75,0,94.50357142857145,86.30583430304728,20020.4,True,0
2024-02-29,2143.05,2268.0,2117.05,2173.65,492230.0,2524.0,0,187522.0,1,94.21428571428571,90.92327470997246,20090.05,True,0
2024-03-01,2170.0,2187.0,2132.85,2147.1,126019.0,2524.0,0,185493.5,0,88.14999999999999,88.29661223068872,20349.8,True,0
2024-03-02,2147.1,2184.0,2144.3,2173.15,5670.0,2524.0,0,169585.8,0,73.19285714285714,84.82542564278238,20421.35,True,0
2024-03-04,2191.0,2191.0,2130.5,2150.35,123321.0,2524.0,0,161300.75,0,72.24285714285712,83.0878952397265,20432.05,True,0
2024-03-05,2150.35,2158.6,2103.2,2130.5,82718.0,2524.0,0,158558.65,0,69.41785714285713,81.11018843688892,20382.0,True,0
2024-03-06,2120.05,2134.75,2051.3,2072.4,240935.0,2524.0,0,164855.6,1,69.73928571428571,81.27731783425398,20379.55,True,0
2024-03-07,2075.0,2080.55,2026.85,2049.95,148157.0,2524.0,0,164151.35,0,68.34285714285716,79.30750941752157,20434.8,True,0
2024-03-11,2049.95,2102.0,1991.5,2009.4,263851.0,2524.0,0,169112.95,1,71.43928571428572,81.53554445912718,20288.75,True,0
2024-03-12,2011.95,2037.85,1976.5,2001.25,165708.0,2524.0,0,147532.5,1,68.46071428571427,80.09371985490381,20171.4,True,0
2024-03-13,2001.0,2015.2,1898.0,1926.3,222306.0,2524.0,0,150504.0,1,69.2,82.7441684366964,19646.3,False,0
2024-03-14,1926.95,1988.0,1913.0,1969.05,125933.0,2524.0,0,150520.55,0,72.225,82.19101354836094,19916.35,True,0
2024-03-15,1970.9,1983.0,1900.0,1926.55,207214.0,2524.0,0,154928.8,1,75.58214285714284,82.24879829490659,19825.2,False,0
2024-03-18,1905.6,1995.95,1905.6,1972.25,231516.0,2524.0,0,161511.9,1,78.68928571428572,82.82745555955613,19843.1,False,0
2024-03-19,1976.0,2004.85,1932.05,1952.55,204880.0,2524.0,0,165794.6,1,79.14642857142857,82.11120873387355,19610.55,False,0
2024-03-20,1955.65,2019.75,1955.65,1999.0,134366.0,2524.0,0,168591.4,0,73.16428571428573,81.04612239573973,19632.05,False,0
2024-03-21,1991.2,2039.95,1975.05,1986.3,142721.0,2524.0,0,165080.55,0,73.93214285714286,79.89282793890118,19897.4,False,0
2024-03-22,1987.0,1995.0,1939.0,1963.05,267395.0,2524.0,0,174428.25,1,75.0964285714286,78.1861973718368,19994.6,True,0
2024-03-26,1977.0,1987.0,1912.4,1921.5,133017.0,2524.0,0,176372.55,0,76.10357142857144,77.93004041670558,20005.25,True,0
2024-03-27,1925.0,1957.15,1871.25,1879.8,250305.0,2524.0,0,182786.95,1,78.28214285714287,78.49932324408375,20087.8,True,0
2024-03-28,1890.45,1962.35,1890.45,1946.6,120032.0,2524.0,0,184414.7,0,78.21785714285717,78.78865729807777,20255.15,True,0
2024-04-01,1946.6,1995.25,1927.25,1986.3,140795.0,2524.0,0,166842.95,0,79.23928571428573,78.01803891964364,20492.55,True,0
2024-04-02,1994.6,2023.0,1965.1,1970.65,102421.0,2524.0,0,165663.05,0,75.48214285714288,76.5810361396691,20569.75,True,0
2024-04-03,1969.0,1984.0,1952.55,1965.15,89177.0,2524.0,0,169838.4,0,73.3464285714286,73.3573907011213,20605.7,True,0
2024-04-04,1974.1,1989.0,1931.0,1934.65,120785.0,2524.0,0,169711.6,0,69.11785714285716,72.26043422246978,20664.65,True,0
2024-04-05,1946.6,1951.95,1917.3,1938.05,79093.0,2524.0,0,169530.35,0,66.23571428571431,69.57397463515052,20715.1,True,0
2024-04-08,1942.0,1973.85,1923.2,1929.8,124932.0,2524.0,0,163730.2,0,63.92500000000002,68.22226216121119,20819.1,True,0
2024-04-09,1945.0,1945.0,1903.1,1909.5,119852.0,2524.0,0,162314.95,0,60.46428571428573,66.34210057826753,20790.7,True,0
2024-04-10,1913.25,1924.0,1891.25,1896.45,107232.0,2524.0,0,154484.0,0,57.60357142857145,63.942664822676996,20915.2,True,0
2024-04-12,1890.05,1934.4,1872.0,1881.4,173075.0,2524.0,0,154852.35,1,57.26071428571431,63.832474478200076,20745.5,True,0
2024-04-15,1876.1,1923.3,1842.05,1902.2,164654.0,2524.0,0,151969.75,1,58.428571428571445,65.07658344404292,20478.75,True,0
2024-04-16,1902.75,1914.0,1877.75,1898.8,69364.0,2524.0,0,149141.3,0,57.01785714285716,63.01754176946843,20423.0,True,0
2024-04-18,1922.95,1922.95,1872.25,1888.15,89407.0,2524.0,0,143250.95,0,55.31071428571431,62.13771735736355,20324.7,True,0
2024-04-19,1878.15,1878.2,1854.0,1871.2,49219.0,2524.0,0,134136.1,0,51.61428571428574,60.13859468898045,20385.2,True,0
2024-04-22,1872.0,1972.25,1872.0,1950.05,209647.0,2524.0,0,134374.45,1,52.93571428571431,63.06083792548184,20574.85,True,0
2024-04-23,1950.0,1964.0,1930.35,1946.75,135413.0,2524.0,0,134426.8,1,50.48214285714289,60.96006378794743,20652.65,True,0
2024-04-24,1956.5,2087.0,1954.25,2077.25,278853.0,2524.0,0,141233.4,1,56.36428571428574,66.6236306602369,20730.65,True,0
2024-04-25,2078.0,2118.0,2041.0,2065.6,190449.0,2524.0,0,137386.1,1,59.61785714285717,67.3647998987914,20867.9,True,0
2024-04-26,2073.9,2148.0,2053.0,2128.65,228118.0,2524.0,0,142141.15,1,62.26071428571431,69.33874276316344,20839.35,True,0
2024-04-29,2137.0,2165.4,2099.0,2112.85,159138.0,2524.0,0,137582.8,1,64.52857142857145,69.12883256579462,20992.2,True,0
2024-04-30,2119.1,2142.0,2080.1,2086.75,65138.0,2524.0,0,134838.1,0,65.3321428571429,68.61248738252358,20997.2,True,0
2024-05-02,2110.25,2124.0,2078.8,2101.75,60837.0,2524.0,0,130840.2,0,65.56785714285716,66.94016685520046,21083.6,True,0
2024-05-03,2122.0,2145.0,2078.1,2095.35,101606.0,2524.0,0,130799.45,0,68.00714285714288,66.93729779411471,20959.55,True,0
2024-05-06,2103.75,2121.0,2061.55,2082.55,71915.0,2524.0,0,129936.35,0,67.79642857142858,66.40249080882079,20864.95,True,0
2024-05-07,2097.75,2110.85,1993.95,2043.1,136386.0,2524.0,0,130716.4,1,70.34285714285714,70.00945575104787,20636.05,True,0
2024-05-08,2052.0,2078.0,2010.0,2013.95,67772.0,2524.0,0,130150.35,0,72.61071428571428,69.86592319740159,20704.9,True,0
2024-05-09,2021.0,2032.05,1966.9,1975.9,87382.0,2524.0,0,128272.85,0,73.64285714285712,69.52907154044432,20344.8,False,0
2024-05-10,1975.95,2002.95,1965.0,1972.3,60407.0,2524.0,0,125300.6,0,73.9142857142857,67.27342357326974,20469.1,True,0
2024-05-13,1980.15,2015.85,1967.8,1999.35,60938.0,2524.0,0,122985.9,0,70.1285714285714,65.90032188946476,20511.0,True,0
2024-05-14,2006.25,2020.0,1984.0,1994.45,36943.0,2524.0,0,116179.3,0,70.29642857142855,63.76458461164585,20683.8,True,0
2024-05-15,1999.35,2029.25,1975.0,1989.15,84411.0,2524.0,0,112167.15,0,64.1535714285714,63.08497142509972,20741.85,True,0
2024-05-16,1999.0,2045.0,1980.1,2022.5,110541.0,2524.0,0,114226.0,0,63.2892857142857,63.214616323306885,20929.05,True,0
2024-05-17,2036.0,2343.25,2024.2,2287.0,1198663.0,2524.0,0,169688.8,1,79.4142857142857,81.61000087164211,21064.55,True,0
2024-05-18,2385.0,2401.35,2342.0,2359.55,126099.0,2524.0,0,173532.8,0,82.83928571428568,83.94857223795339,21144.45,True,0
2024-05-21,2358.9,2405.0,2305.0,2344.3,229306.0,2524.0,0,174515.75,1,85.56071428571424,85.09510279238529,21187.65,True,0
2024-05-22,2357.95,2390.0,2296.1,2370.85,323420.0,2524.0,0,183916.1,1,89.0392857142857,85.72402402150064,21237.75,True,0
2024-05-23,2381.2,2510.0,2361.5,2473.55,436772.0,2524.0,0,191812.05,1,94.86785714285712,90.20802230567917,21489.55,True,0
2024-05-24,2460.0,2534.0,2416.1,2430.85,299355.0,2524.0,0,197257.35,1,99.04285714285713,92.18602071241638,21483.75,True,0
2024-05-27,2439.7,2449.9,2355.0,2361.0,140945.0,2534.0,0,192898.7,0,97.47142857142858,92.37987637581521,21493.0,True,0
2024-05-28,2373.9,2499.4,2371.95,2480.5,490373.0,2534.0,0,209460.45,1,102.50000000000001,95.66702806325699,21387.35,True,0
2024-05-29,2472.0,2567.0,2450.1,2533.95,435700.0,2534.0,0,227988.55,1,106.1964285714286,97.1836689158815,21256.3,True,0
2024-05-30,2515.1,2605.0,2501.05,2594.3,324309.0,2567.0,1,241162.15,1,110.9107142857143,97.6669782790328,21038.55,True,1
2024-05-31,2562.0,2650.0,2510.05,2619.3,395141.0,2605.0,1,255838.9,1,117.47500000000001,100.68719411624474,21103.3,True,1
2024-06-03,2625.0,2625.0,2476.0,2494.7,246756.0,2650.0,0,264580.95,0,125.54642857142858,104.13810882222727,21797.4,True,0
2024-06-04,2498.0,2516.45,2235.0,2349.55,251775.0,2650.0,0,270350.4,0,141.775,116.80324390635387,20323.85,False,0
2024-06-05,2395.0,2525.0,2368.15,2472.85,190210.0,2650.0,0,276472.3,0,149.67142857142855,120.99229791304286,21054.4,True,0
2024-06-06,2470.0,2535.75,2453.0,2464.9,167203.0,2650.0,0,280463.35,0,132.67142857142855,118.26070520496837,21365.0,True,0
2024-06-07,2470.0,2549.0,2465.1,2507.5,189874.0,2650.0,0,286936.7,0,130.51071428571427,115.82065483318492,21764.15,True,0
2024-06-10,2534.9,2613.65,2475.0,2601.15,202309.0,2650.0,0,294005.25,0,133.27142857142854,117.45132234510028,21808.25,True,0
2024-06-11,2601.15,2660.5,2585.7,2655.75,277457.0,2650.0,1,306030.95,0,131.90714285714284,114.40479932045027,21852.0,True,0
2024-06-12,2659.6,2675.0,2592.4,2625.65,134721.0,2660.5,0,308546.45,0,127.19999999999997,112.13302794041809,21960.95,True,0
2024-06-13,2633.55,2709.25,2630.0,2700.7,181775.0,2675.0,1,312108.15,0,124.74999999999997,110.0949545161025,22074.3,True,0
2024-06-14,2718.0,2760.0,2639.95,2654.85,123918.0,2709.25,0,258370.9,0,126.54642857142855,110.80602919352376,22214.3,True,0
2024-06-18,2696.05,2723.85,2625.0,2643.0,88404.0,2760.0,0,256486.15,0,123.72142857142853,109.95202710827206,22329.6,True,0
2024-06-19,2643.0,2660.0,2556.0,2563.55,73982.0,2760.0,0,248719.95,0,122.79999999999995,109.52688231482406,22224.9,True,0
2024-06-20,2576.4,2587.95,2521.95,2529.85,66181.0,2760.0,0,235858.0,0,120.08928571428568,106.41781929233663,22305.1,True,0
2024-06-21,2540.05,2599.35,2524.1,2537.6,137582.0,2760.0,0,220898.5,0,115.46785714285713,104.19154648574116,22236.2,True,0
2024-06-24,2499.55,2710.0,2499.55,2638.3,446178.0,2760.0,0,228239.65,1,119.85714285714282,111.78143602247393,22289.1,True,0
2024-06-25,2638.3,2683.15,2622.2,2641.6,87530.0,2760.0,0,225568.9,0,104.10714285714286,108.1506191637258,22370.65,True,0
2024-06-26,2641.5,2675.0,2592.0,2601.2,54739.0,2760.0,0,203787.2,0,97.50357142857145,106.35414636631683,22436.8,True,0
2024-06-27,2605.1,2691.0,2593.9,2677.55,133590.0,2760.0,0,188681.7,0,98.52857142857144,105.6931359115799,22537.4,True,0
2024-06-28,2680.0,2700.0,2641.2,2651.0,81346.0,2760.0,0,176533.55,0,96.7214285714286,102.34362620360992,22559.7,True,0
2024-07-01,2651.0,2674.35,2594.0,2605.2,78033.0,2760.0,0,160678.15,0,92.55714285714286,100.77265290335205,22727.6,True,0
2024-07-02,2625.0,2698.95,2602.1,2618.75,105607.0,2760.0,0,153620.7,0,94.13214285714285,100.49246341025547,22677.8,True,0
2024-07-03,2620.1,2674.0,2598.05,2603.7,85649.0,2760.0,0,145314.4,0,93.65714285714284,98.73943030952293,22851.2,True,0
2024-07-04,2617.0,2660.0,2567.65,2588.25,122152.0,2760.0,0,141911.5,0,94.28214285714284,98.28304243027128,22914.2,True,0
2024-07-05,2596.0,2609.0,2534.05,2538.8,113959.0,2760.0,0,139249.3,0,91.06071428571424,96.61639654239475,22987.65,True,0
2024-07-08,2538.8,2559.9,2502.8,2523.7,58773.0,2760.0,0,132694.25,0,88.0785714285714,93.79379678936655,22971.15,True,0
2024-07-09,2526.4,2598.0,2526.4,2556.6,108219.0,2760.0,0,127989.75,0,85.95714285714283,92.40138273298325,23067.35,True,0
2024-07-10,2560.0,2614.45,2501.0,2517.3,102794.0,2760.0,0,119256.6,0,89.34642857142853,93.90485539491301,22977.65,True,0
2024-07-11,2543.0,2610.0,2505.0,2549.6,137972.0,2760.0,0,119419.15,1,91.47142857142853,94.69736572384781,23005.25,True,0
2024-07-12,2545.0,2619.9,2540.6,2570.7,119202.0,2760.0,0,116290.5,1,82.10357142857141,93.59755388643012,23095.45,True,0
2024-07-15,2580.0,2588.0,2541.7,2552.55,39918.0,2760.0,0,112090.5,0,81.05714285714284,90.21915718025654,23209.85,True,0
2024-07-16,2543.0,2690.0,2543.0,2619.75,177738.0,2760.0,0,116557.2,1,85.6285714285714,94.27493166738108,23204.25,True,0
2024-07-18,2620.95,2650.95,2525.0,2563.65,128328.0,2760.0,0,119274.5,1,87.68928571428569,96.53743654828243,23210.05,True,0
2024-07-19,2553.1,2587.0,2541.0,2573.15,79070.0,2760.0,0,119918.95,0,86.77499999999996,92.92761965197654,22853.6,True,0
2024-07-22,2551.0,2655.0,2551.0,2621.1,192853.0,2760.0,0,122682.5,1,88.46428571428568,93.71850396254965,22942.65,True,0
2024-07-23,2621.1,2825.0,2610.1,2689.65,1257778.0,2760.0,0,163262.5,1,96.89642857142856,102.37432510808182,22865.2,True,0
2024-07-24,2716.0,2755.0,2684.05,2695.05,123725.0,2825.0,0,165072.25,0,96.5392857142857,100.12973045750452,22921.45,True,0
2024-07-25,2717.8,2747.8,2660.05,2677.85,114251.0,2825.0,0,168047.85,0,96.21071428571427,99.2454639962542,22917.25,True,0
2024-07-26,2705.0,2740.0,2692.0,2707.3,76491.0,2825.0,0,165192.9,0,95.29642857142858,96.59578799652176,23292.05,True,0
2024-07-29,2734.9,2796.75,2712.0,2738.1,121426.0,2825.0,0,167196.9,0,97.60714285714286,96.08537456819876,23394.2,True,0
2024-07-30,2744.95,2773.6,2688.0,2695.8,90451.0,2825.0,0,167817.8,0,98.4142857142857,95.33641924189884,23440.9,True,0
2024-07-31,2710.5,2787.0,2697.05,2730.6,122541.0,2825.0,0,168664.5,0,96.82499999999997,95.04096072462035,23530.8,True,0
2024-08-01,2740.0,2765.0,2702.1,2758.25,138659.0,2825.0,0,171315.0,0,93.81785714285714,92.7451778157189,23506.6,True,0
2024-08-02,2739.95,2860.0,2720.1,2820.25,255497.0,2825.0,0,177982.25,1,98.14642857142856,96.11337940031042,23259.45,True,0
2024-08-05,2760.0,2836.4,2728.0,2763.95,176964.0,2860.0,0,181132.5,0,102.58214285714283,96.99099515743112,22542.45,True,0
2024-08-06,2769.75,2879.9,2769.75,2789.65,176490.0,2860.0,0,187018.35,0,100.36428571428571,98.3452097890432,22443.3,False,0
2024-08-07,2811.3,2895.0,2808.8,2820.4,156591.0,2879.9,0,189436.95,0,98.89285714285714,98.84555194696868,22848.9,True,0
2024-08-08,2834.65,2940.0,2834.65,2873.65,178410.0,2895.0,0,193217.75,0,104.14999999999999,100.3280125221852,22705.7,True,0
2024-08-09,2886.45,2929.0,2867.75,2875.05,73464.0,2940.0,0,189992.35,0,101.09642857142856,97.53672591345769,22923.5,True,0
2024-08-12,2889.0,2944.9,2875.05,2890.25,105340.0,2940.0,0,189299.25,0,90.73571428571427,95.559102633925,22915.85,True,0
2024-08-13,2900.0,2932.5,2816.15,2826.05,90516.0,2944.9,0,191829.15,0,93.97857142857141,97.04416673150176,22705.8,True,0
2024-08-14,2848.0,2869.4,2812.95,2821.95,129718.0,2944.9,0,189428.15,0,91.74285714285715,94.14458339353736,22672.65,True,0
2024-08-16,2830.0,2966.95,2829.05,2905.85,139605.0,2944.9,0,189992.0,0,97.66071428571429,97.77711315114183,23056.5,True,0
2024-08-19,2969.95,2969.95,2906.0,2931.35,79417.0,2966.95,0,190009.35,0,95.85000000000001,95.37160506891742,23139.75,True,0
2024-08-20,2934.0,2937.7,2857.8,2892.25,173393.0,2969.95,0,189036.35,0,95.44285714285714,94.26649042113759,23280.35,True,0
2024-08-21,2899.25,3088.0,2888.95,3061.45,376793.0,2969.95,1,144987.1,1,103.14642857142859,101.75102681962778,23368.65,True,1
2024-08-22,3048.4,3069.45,2910.45,2914.85,221114.0,3088.0,0,149856.55,1,110.01071428571429,105.84023918965438,23440.7,True,0
2024-08-23,2918.0,2959.0,2896.0,2944.0,144154.0,3088.0,0,151351.7,0,104.51785714285714,102.78022210467907,23418.65,True,0
2024-08-26,2959.0,3028.9,2897.05,2907.05,128448.0,3088.0,0,153949.55,0,106.19285714285714,104.8566348114877,23561.75,True,0
2024-08-27,2922.85,2926.15,2868.0,2874.05,95840.0,3088.0,0,152670.25,0,102.06428571428569,101.52044661066715,23604.85,True,0
2024-08-28,2893.7,2895.05,2790.0,2805.5,131329.0,3088.0,0,154714.15,0,102.04285714285713,101.77255756704808,23615.95,True,0
2024-08-29,2815.0,2825.0,2759.0,2766.7,98803.0,3088.0,0,153527.25,0,98.21428571428571,99.21737488368751,23631.4,True,0
2024-08-30,2786.0,2805.0,2737.6,2745.1,78631.0,3088.0,0,150525.85,0,98.65357142857144,96.94470524913842,23734.55,True,0
2024-09-02,2751.85,2792.0,2716.2,2781.65,86127.0,3088.0,0,142057.35,0,99.07857142857145,95.43436915991425,23760.7,True,0
2024-09-03,2792.9,2849.3,2781.65,2832.15,121442.0,3088.0,0,139281.25,0,95.60000000000004,93.44977136277753,23788.45,True,0
2024-09-04,2833.05,2879.85,2833.05,2848.95,92537.0,3088.0,0,135083.6,0,94.97500000000001,90.18193055115054,23748.9,True,0
2024-09-05,2848.95,2876.5,2799.75,2813.95,76368.0,3088.0,0,131072.45,0,90.10000000000001,89.22250694035407,23762.8,True,0
2024-09-06,2815.0,2850.1,2772.0,2831.6,70303.0,3088.0,0,125667.1,0,91.10000000000001,88.4280421589002,23477.7,True,0
2024-09-09,2832.65,2870.0,2771.05,2853.25,54372.0,3088.0,0,124712.5,0,92.4607142857143,89.1796105761216,23502.15,True,0
2024-09-10,2878.0,2891.7,2801.6,2818.95,58245.0,3088.0,0,122357.75,0,84.67857142857143,89.2453526778272,23643.65,True,0
2024-09-11,2816.1,2912.0,2815.55,2859.35,110871.0,3088.0,0,123375.5,0,80.21071428571427,89.75997034369666,23531.25,True,0
2024-09-12,2861.9,2889.9,2830.8,2861.75,62672.0,3088.0,0,120023.2,0,79.93214285714284,87.56997246200403,23907.35,True,0
2024-09-13,2860.0,2908.0,2849.45,2905.1,51576.0,3088.0,0,115621.75,0,74.69642857142857,85.4971172861466,23928.2,True,0
2024-09-16,2921.0,2922.8,2815.0,2828.9,50411.0,3088.0,0,114171.45,0,78.24285714285715,87.09018033713615,23968.2,True,0
2024-09-17,2845.0,2845.0,2741.1,2798.9,67698.0,3088.0,0,108886.7,0,78.16071428571429,88.29088174162644,23969.9,True,0
2024-09-18,2788.05,2847.2,2778.15,2791.3,69877.0,3088.0,0,93540.9,0,78.3785714285714,86.91653304579596,23898.65,True,0
2024-09-19,2791.3,2799.95,2676.25,2698.35,76782.0,3088.0,0,86324.3,0,82.39999999999996,89.54392354252481,23853.95,True,0
2024-09-20,2700.9,2754.0,2700.0,2716.6,61928.0,3088.0,0,82213.0,0,80.96071428571425,87.12292900377304,24193.8,True,0
2024-09-23,2721.0,2735.95,2682.15,2726.0,48436.0,3088.0,0,78212.4,0,79.9714285714285,84.74271978921782,24379.2,True,0
2024-09-24,2726.0,2730.0,2686.9,2716.65,38640.0,3088.0,0,75352.4,0,79.64285714285708,81.76823980427368,24389.7,True,0
2024-09-25,2727.9,2735.0,2695.2,2725.9,35874.0,3088.0,0,70579.65,0,77.00357142857138,78.77050838968272,24371.25,True,0
2024-09-26,2725.9,2765.65,2711.25,2727.25,102778.0,3088.0,0,70778.4,1,75.31071428571424,77.02975779041968,24496.9,True,0
2024-09-27,2727.0,2756.15,2689.55,2697.5,48018.0,3088.0,0,69247.75,0,72.99999999999997,76.28477509110397,24489.55,True,0
2024-09-30,2700.05,2782.25,2700.05,2750.55,113823.0,3088.0,0,70632.55,1,72.61785714285712,76.88943401316796,24245.2,True,0
2024-10-01,2751.0,2763.0,2712.05,2735.35,42937.0,3088.0,0,66707.3,0,69.36785714285712,75.03661729794167,24271.3,True,0
2024-10-03,2713.0,2751.0,2695.0,2736.2,44283.0,3088.0,0,64294.6,0,69.14642857142856,73.67685891951727,23755.45,True,0
2024-10-04,2736.2,2769.0,2704.45,2751.35,39039.0,3088.0,0,62428.15,0,69.57499999999997,73.02494042526605,23534.95,False,0
2024-10-07,2751.5,2814.5,2586.05,2613.25,119958.0,3088.0,0,64910.9,1,78.1928571428571,84.12673039488989,23181.95,False,0
2024-10-08,2639.0,2735.0,2615.0,2704.7,64385.0,3088.0,0,65411.55,0,79.46785714285708,86.8141067952549,23512.55,False,0
2024-10-09,2705.15,2884.0,2705.15,2813.65,125198.0,3088.0,0,68759.2,1,87.34285714285713,93.42024202416528,23599.6,True,0
2024-10-10,2845.1,2889.9,2755.7,2761.15,60793.0,3088.0,0,66255.3,0,88.09285714285716,96.33308187958207,23598.15,True,0
2024-10-11,2764.55,2835.3,2742.1,2783.45,60661.0,3088.0,0,66154.75,0,90.77500000000002,96.1092903167548,23611.25,True,0
2024-10-14,2788.85,2812.1,2711.0,2719.3,97320.0,3088.0,0,68441.95,1,94.15357142857147,96.46576957984372,23727.05,True,0
2024-10-15,2719.8,2757.5,2681.1,2703.0,130241.0,3088.0,0,72433.45,1,96.53214285714292,95.03250032414061,23735.7,True,0
2024-10-16,2715.0,2757.15,2643.05,2672.35,107002.0,3088.0,0,74398.65,1,101.83928571428575,96.394464586702,23673.15,True,0
2024-10-17,2700.0,2757.0,2642.3,2651.15,104785.0,3088.0,0,76144.05,1,106.14642857142859,97.70200283050899,23377.0,False,0
2024-10-18,2659.0,2690.45,2615.25,2659.3,128125.0,3088.0,0,78711.2,1,106.76071428571429,96.09471691404404,23440.7,False,0
2024-10-21,2679.0,2725.25,2630.1,2643.7,100002.0,3088.0,0,80614.9,1,107.50357142857145,96.02723713446947,23263.25,False,0
2024-10-22,2648.9,2679.2,2570.0,2578.75,118348.0,3088.0,0,84110.5,1,111.66428571428573,96.96814876772164,22814.45,False,0
2024-10-23,2578.05,2662.5,2562.15,2630.5,66957.0,3088.0,0,85526.35,0,114.83214285714287,97.20970957002724,22841.1,False,0
2024-10-24,2635.35,2690.0,2602.65,2618.05,69620.0,3088.0,0,87213.65,0,116.46071428571427,96.50544460073958,22787.85,False,0
2024-10-25,2638.1,2709.6,2500.0,2588.6,132162.0,3088.0,0,88682.85,1,115.11428571428571,104.58362712925818,22499.05,False,0
2024-10-28,2588.6,2669.0,2536.7,2644.65,101172.0,3088.0,0,91340.55,1,115.86785714285715,106.56336804859689,22649.95,False,0
2024-10-29,2642.0,2676.55,2620.0,2629.65,77807.0,3088.0,0,89539.75,0,107.10000000000001,102.99098461655426,22795.05,False,0
2024-10-30,2676.0,2739.0,2599.6,2674.25,161911.0,3088.0,0,95488.45,1,107.47142857142856,105.59162857251467,22749.8,False,0
2024-10-31,2670.0,2763.0,2670.0,2712.25,124449.0,3088.0,0,99496.75,1,107.45714285714283,104.69222653162076,22689.35,False,0
2024-11-01,2729.0,2742.95,2721.1,2733.1,6923.0,3088.0,0,97890.95,0,102.4285714285714,99.40706749364783,22823.55,False,0
2024-11-04,2733.1,2733.1,2601.1,2624.9,143629.0,3088.0,0,99074.5,1,106.39999999999996,101.73513410124441,22518.3,False,0
2024-11-05,2637.0,2658.95,2590.0,2594.35,148156.0,3088.0,0,103263.05,1,103.17499999999995,99.39333880829837,22679.85,False,0
2024-11-06,2601.55,2648.25,2594.0,2629.6,87403.0,3088.0,0,101373.3,0,98.85714285714282,96.16881460770563,23031.2,False,0
2024-11-07,2625.85,2644.0,2585.1,2611.5,55699.0,3088.0,0,101118.6,0,97.69285714285714,93.50675642144095,22806.25,False,0
2024-11-08,2620.0,2620.0,2550.5,2561.15,54485.0,3088.0,0,100809.8,0,95.86071428571427,91.79198810562374,22645.65,False,0
2024-11-11,2575.25,2575.25,2508.65,2539.3,54330.0,3088.0,0,98660.3,0,92.81785714285714,89.99256038379347,22591.4,False,0
2024-11-12,2545.0,2589.9,2520.4,2547.35,59505.0,3088.0,0,95123.5,0,90.61428571428571,88.52880607066537,22331.05,False,0
2024-11-13,2540.0,2540.1,2439.1,2452.7,65586.0,3088.0,0,93052.7,0,92.10714285714286,89.93746277990356,21914.95,False,0
2024-11-14,2455.0,2491.0,2425.15,2457.15,78327.0,3088.0,0,91729.8,0,81.83928571428571,88.21692972419615,21963.1,False,0
2024-11-18,2465.45,2485.5,2406.45,2411.65,42354.0,3088.0,0,87441.25,0,78.03571428571429,87.56214902961072,21899.4,False,0
2024-11-19,2415.0,2478.45,2414.05,2438.0,69393.0,3088.0,0,85910.8,0,78.76785714285711,86.07913838463851,22004.35,False,0
2024-11-21,2438.0,2449.6,2361.1,2369.65,76664.0,3088.0,0,83826.6,0,75.13214285714282,86.25205707145005,21820.85,False,0
2024-11-22,2389.0,2439.9,2350.0,2411.8,288891.0,3088.0,0,94923.3,1,74.91071428571425,86.51262442348934,22225.55,False,0
2024-11-25,2454.9,2486.85,2330.0,2341.65,112152.0,3088.0,0,97049.9,1,83.92142857142855,91.53672267895438,22553.5,False,0
2024-11-26,2351.1,2424.9,2307.0,2393.65,237622.0,3088.0,0,102322.9,1,82.9142857142857,93.41981391617193,22562.45,False,0
2024-11-27,2393.65,2413.4,2361.6,2385.45,67862.0,3088.0,0,100657.4,0,81.68928571428572,90.4469700650168,22691.7,False,0
2024-11-28,2385.45,2435.4,2378.65,2413.6,78199.0,3088.0,0,100677.0,0,81.86785714285715,88.04004363180131,22514.35,False,0
2024-11-29,2413.6,2454.35,2396.0,2444.4,74377.0,3088.0,0,96300.3,0,81.82857142857142,85.91932622952979,22687.0,False,0
2024-12-02,2436.0,2452.1,2390.0,2406.7,98357.0,3088.0,0,94995.7,1,81.29999999999998,84.21794578456336,22835.85,False,0
2024-12-03,2410.0,2457.75,2401.55,2422.15,124654.0,3088.0,0,100882.25,1,80.55714285714284,82.21666394280882,23020.85,False,0
2024-12-04,2425.0,2434.65,2380.0,2401.8,143220.0,3088.0,0,100861.8,1,79.49642857142855,80.24761651832249,23099.5,True,0
2024-12-05,2402.1,2407.8,2361.0,2381.2,62744.0,3088.0,0,96591.2,0,75.10714285714286,77.85850105272803,23277.95,True,0
2024-12-06,2382.1,2399.0,2333.0,2343.15,74344.0,3088.0,0,95938.25,0,75.11785714285715,77.01146526324746,23312.1,True,0
2024-12-09,2343.15,2363.75,2322.05,2327.55,60787.0,3088.0,0,96192.65,0,72.44999999999997,74.48921774444406,23292.0,True,0
2024-12-10,2336.35,2346.6,2320.55,2328.55,52943.0,3088.0,0,96115.55,0,69.5392857142857,71.0292736198409,23314.9,True,0
2024-12-11,2332.0,2379.9,2325.0,2346.8,79255.0,3088.0,0,97361.8,0,67.1392857142857,69.87718264699512,23358.15,True,0
2024-12-12,2355.0,2356.3,2297.0,2304.1,72480.0,3088.0,0,98010.55,0,64.95357142857142,69.1216696007812,23256.4,True,0
2024-12-13,2313.05,2313.05,2250.3,2254.0,69253.0,3088.0,0,98193.9,0,58.232142857142854,68.66655034358254,23358.95,True,0
2024-12-16,2255.55,2283.95,2229.0,2278.6,79430.0,3088.0,0,98249.05,0,53.735714285714266,67.68679674761235,23352.45,True,0
2024-12-17,2278.6,2298.65,2253.4,2264.95,74215.0,3088.0,0,99842.1,0,53.26785714285711,66.08416840849718,23095.75,True,0
2024-12-18,2285.0,2339.5,2270.1,2332.55,100691.0,3088.0,0,101407.0,0,54.5392857142857,66.68887066503311,22934.4,True,0
2024-12-19,2315.0,2337.0,2286.25,2326.3,79063.0,3088.0,0,101526.95,0,53.99642857142856,65.55037990324503,22752.15,False,0
2024-12-20,2325.0,2326.3,2264.0,2275.95,85491.0,3088.0,0,91356.95,0,54.01071428571429,65.31820991015611,22319.4,False,0
2024-12-23,2275.95,2292.65,2225.0,2282.75,42130.0,3088.0,0,87855.85,0,54.82857142857146,65.48476634514496,22412.3,False,0
2024-12-24,2266.0,2287.95,2243.0,2264.6,45373.0,3088.0,0,78243.4,0,54.13571428571429,64.01799732049173,22402.7,False,0
2024-12-26,2264.6,2274.95,2213.4,2243.2,23712.0,3088.0,0,76035.9,0,55.18928571428569,63.841711797599444,22430.35,False,0
2024-12-27,2243.2,2284.2,2241.0,2274.45,40292.0,3088.0,0,74140.55,0,53.56071428571425,62.36730381205661,22445.2,False,0
2024-12-30,2274.45,2280.15,2162.75,2187.75,220260.0,3088.0,0,81434.7,1,58.96785714285712,66.298210682624,22357.15,False,0
2024-12-31,2190.1,2265.45,2158.4,2251.85,124472.0,3088.0,0,82740.45,1,64.7535714285714,69.20905277672226,22375.4,False,0
2025-01-01,2235.0,2272.0,2222.05,2232.1,23429.0,3088.0,0,77679.2,0,64.39999999999996,67.83340614981351,22481.8,False,0
2025-01-02,2250.0,2258.1,2208.0,2219.75,40952.0,3088.0,0,72565.8,0,63.74285714285708,66.56673428196969,22819.75,True,0
2025-01-03,2221.95,2249.95,2215.4,2241.05,53477.0,3088.0,0,72102.45,0,61.72857142857135,64.2798246904004,22708.15,True,0
2025-01-06,2236.0,2248.95,2179.95,2201.1,72497.0,3088.0,0,72010.1,1,62.73214285714279,64.61698006965752,22225.4,False,0
2025-01-07,2232.0,2239.9,2188.8,2231.1,96662.0,3088.0,0,73803.85,1,63.14999999999993,63.6514814932534,22341.65,False,0
2025-01-08,2231.1,2241.55,2185.1,2208.0,54801.0,3088.0,0,73896.75,0,61.85714285714279,63.13708995802103,22231.8,False,0
2025-01-09,2201.0,2231.0,2201.0,2208.35,34234.0,3088.0,0,71645.7,0,60.374999999999936,60.77015496101952,22046.55,False,0
2025-01-10,2208.35,2213.9,2141.35,2190.4,89191.0,3088.0,0,72481.25,1,61.10714285714279,61.61157246380385,21799.0,False,0
2025-01-13,2143.0,2165.8,2078.95,2093.35,83019.0,3088.0,0,73169.55,1,64.23571428571424,65.17146014496073,21243.45,False,0
2025-01-14,2100.05,2118.0,2051.0,2072.05,66252.0,3088.0,0,72510.65,0,65.81071428571424,65.3020701346064,21481.05,False,0
2025-01-15,2086.0,2116.4,1987.0,2042.5,113576.0,3088.0,0,74478.7,1,70.65714285714284,69.88049369642023,21551.2,False,0
2025-01-16,2052.0,2069.2,2013.3,2053.05,60312.0,3088.0,0,72459.75,0,71.5642857142857,68.88188700381878,21714.55,False,0
2025-01-17,2050.0,2069.7,2013.85,2063.3,102985.0,3088.0,0,73655.85,1,67.16785714285712,67.95103793211743,21680.25,False,0
2025-01-20,2065.0,2149.5,2048.0,2135.5,111858.0,3088.0,0,74974.2,1,66.77142857142857,70.34739236553762,21809.0,False,0
2025-01-21,2128.3,2202.0,2110.1,2146.0,167412.0,3088.0,0,81238.3,1,69.76785714285715,71.88686433942779,21433.2,False,0
2025-01-22,2151.35,2164.85,2089.4,2107.85,252676.0,3088.0,0,91603.45,1,71.57857142857144,72.14137402946865,21396.55,False,0
2025-01-23,2105.0,2141.45,2080.0,2087.6,241306.0,3088.0,0,102483.15,1,73.50000000000001,71.37770445593516,21538.05,False,0
2025-01-24,2104.5,2113.3,2039.05,2099.55,141936.0,3088.0,0,107565.35,1,73.87500000000003,71.58286842336838,21318.9,False,0
2025-01-27,2094.15,2094.15,2031.5,2062.3,215485.0,3088.0,0,107326.6,1,75.08571428571433,71.33052067884208,20910.95,False,0
2025-01-28,2064.85,2077.45,1981.1,2023.15,102336.0,3088.0,0,106219.8,0,77.93571428571431,73.11762634463906,20924.75,False,0
2025-01-29,2028.2,2028.2,1969.95,1983.95,226380.0,3088.0,0,116367.35,1,79.95357142857145,72.05565303430771,21245.5,False,0
2025-01-30,2003.75,2009.95,1975.0,1980.05,219216.0,3088.0,0,125280.55,1,77.26785714285715,69.40524924614287,21297.5,False,0
2025-01-31,1994.75,2013.7,1961.55,1977.15,265243.0,3088.0,0,135868.85,1,73.03214285714286,68.17273144284697,21580.9,False,0
2025-02-01,1980.3,1995.95,1940.5,1956.2,92788.0,3088.0,0,136883.4,0,72.20714285714287,67.26396491121504,21581.75,False,0
2025-02-03,1955.95,1994.85,1921.0,1981.45,109517.0,3088.0,0,137526.15,0,68.23928571428571,67.73439598898538,21402.55,False,0
2025-02-04,1981.45,2007.0,1950.6,1960.4,137504.0,3088.0,0,141661.3,0,68.275,66.92479627548643,21727.45,False,0
2025-02-05,1969.0,2016.85,1960.0,1999.35,1086628.0,3088.0,0,194281.0,1,68.34642857142858,66.20516797009454,21784.25,False,0
2025-02-06,2000.0,2364.0,1992.0,2260.65,2465345.0,3088.0,0,313088.7,1,87.66785714285716,88.04765597223066,21672.45,False,0
2025-02-07,2202.0,2249.7,2175.15,2208.15,461990.0,3088.0,0,332037.25,1,87.21071428571429,87.86568054564275,21646.15,False,0
2025-02-10,2182.1,2206.4,2133.0,2141.4,87373.0,3088.0,0,333093.3,0,87.18928571428573,86.95741764952541,21371.3,False,0
2025-02-11,2142.85,2149.9,2035.55,2058.2,94944.0,3088.0,0,332161.7,0,90.96785714285718,88.91403067455931,20950.45,False,0
2025-02-12,2056.9,2074.95,2003.6,2030.55,120966.0,3088.0,0,335194.4,0,90.76071428571431,87.65945705494792,20907.85,False,0
2025-02-13,2030.0,2059.45,1981.0,1998.8,102542.0,3088.0,0,335172.25,0,91.50357142857142,87.0016386938802,20904.35,False,0
2025-02-14,2000.0,2048.3,1968.0,2018.0,134842.0,3088.0,0,336321.45,0,90.35714285714288,86.52295021574591,20633.1,False,0
2025-02-17,2199.95,2421.6,2086.5,2340.25,3108044.0,3088.0,0,483353.05,1,115.025,109.1713109146212,20652.35,False,0
2025-02-18,2334.05,2744.95,2300.0,2536.85,4767565.0,3088.0,0,709097.5,1,144.31071428571428,133.15550299214826,20611.4,False,0
2025-02-19,2485.0,2560.0,2440.3,2507.25,998313.0,3088.0,0,746947.85,1,149.13571428571427,132.19439563556622,20731.45,False,0
2025-02-20,2501.0,2584.3,2461.0,2569.1,592260.0,3088.0,0,769464.05,0,153.98214285714286,131.55908166159722,20831.1,False,0
2025-02-21,2579.0,2590.0,2490.0,2508.7,206809.0,3088.0,0,769030.25,0,155.84999999999997,129.3048615429117,20690.25,False,0
2025-02-24,2446.0,2673.0,2446.0,2638.15,1265790.0,3088.0,0,827202.95,1,168.03571428571428,136.28308571841802,20468.45,False,0
2025-02-25,2606.0,2613.0,2540.0,2562.0,161274.0,3088.0,0,823947.65,0,170.98571428571427,133.5592938813882,20418.75,False,0
2025-02-27,2562.0,2644.95,2550.0,2620.9,261659.0,3088.0,0,826069.8,0,151.19642857142858,130.80148717557475,20315.55,False,0
2025-02-28,2580.0,2585.1,2455.05,2475.35,173151.0,3088.0,0,821465.2,0,156.93571428571425,133.3049523773194,19880.9,False,0
2025-03-03,2485.0,2540.95,2390.05,2520.1,125530.0,3088.0,0,823102.3,0,162.34642857142853,134.56174149322513,19896.95,False,0
2025-03-04,2501.0,2675.0,2482.15,2647.55,287521.0,3088.0,0,832002.5,0,167.95357142857137,138.72518852942332,19917.85,False,0
2025-03-05,2660.75,2777.0,2631.0,2693.3,432828.0,3088.0,0,846768.7,0,173.28571428571422,139.2448179201788,20256.5,False,0
2025-03-06,2689.05,2745.9,2675.2,2690.2,219351.0,3088.0,0,803404.85,0,172.73214285714283,134.34875949730892,20447.1,False,0
2025-03-07,2690.2,2780.0,2690.2,2751.6,202498.0,3088.0,0,690262.5,0,173.41071428571425,131.16670524750114,20443.4,False,0
2025-03-10,2748.0,2798.2,2650.1,2660.8,142096.0,3088.0,0,674267.8,0,155.16071428571425,132.37622630125105,20266.5,False,0
2025-03-11,2660.0,2675.0,2605.45,2656.45,146136.0,3088.0,0,677205.95,0,128.34642857142856,127.88863870830457,20302.5,False,0
2025-03-12,2674.45,2744.45,2654.75,2683.1,228177.0,3088.0,0,683867.6,0,126.20357142857142,125.16087880056851,20264.35,False,0
2025-03-13,2690.0,2695.1,2640.05,2657.8,62016.0,3088.0,0,680920.1,0,121.3285714285714,120.15295888624216,20176.05,False,0
2025-03-17,2657.8,2730.0,2650.0,2693.45,100554.0,3088.0,0,680820.7,0,119.89999999999996,117.28489039436772,20288.3,False,0
2025-03-18,2693.45,2810.95,2677.2,2795.15,161525.0,3088.0,0,682154.85,0,113.23928571428567,118.46096965191289,20657.2,False,0
2025-03-19,2799.95,2845.0,2767.8,2838.3,127582.0,3088.0,0,533131.75,0,111.74285714285709,115.5137575339191,20864.5,False,0
2025-03-20,2850.0,2921.2,2832.05,2860.5,143779.0,3088.0,0,301942.45,0,111.32857142857135,113.630631995782,21070.05,True,0
2025-03-21,2861.0,2968.9,2839.35,2935.65,178487.0,3088.0,0,260951.15,0,108.73571428571424,114.76772971036901,21273.9,True,0
2025-03-24,2959.0,2988.0,2860.8,2882.95,66538.0,3088.0,0,234665.05,0,107.0428571428571,115.65574901677121,21538.1,True,0
2025-03-25,2877.0,2888.9,2790.0,2834.3,115045.0,3088.0,0,230076.85,0,100.33214285714283,114.45890980128755,21437.75,True,0
2025-03-26,2834.3,2909.6,2790.0,2818.45,114784.0,3088.0,0,172526.55,0,98.44642857142854,114.82613052976701,21275.45,True,0
2025-03-27,2819.25,2850.85,2772.9,2836.9,77284.0,3088.0,0,168327.05,0,98.96428571428565,112.1921212062122,21407.95,True,0
2025-03-28,2836.9,2899.95,2809.4,2880.35,108168.0,3088.0,0,160652.5,0,99.01785714285704,110.64625540576846,21339.55,True,0
2025-04-01,2872.0,2878.0,2777.0,2797.35,79332.0,3088.0,0,155961.55,0,95.82142857142847,110.12509430535643,21070.75,True,0
2025-04-02,2808.95,2838.4,2753.65,2776.6,61863.0,3088.0,0,152778.2,0,96.90714285714274,108.31258756925955,21265.65,True,0
2025-04-03,2791.95,2887.5,2787.0,2856.75,166370.0,3088.0,0,146720.65,1,98.42142857142848,108.49740274288388,21243.4,True,0
2025-04-04,2856.75,2870.95,2704.6,2739.25,103973.0,3088.0,0,130277.9,0,106.3714285714285,112.62973111839217,20805.35,False,0
2025-04-07,2410.0,2668.35,2401.0,2574.3,147923.0,3088.0,0,126706.5,1,124.81785714285706,128.7454646099356,20105.7,False,0
2025-04-08,2640.0,2745.45,2602.05,2728.4,133036.0,3088.0,0,123233.4,1,127.48928571428561,131.77435999494017,20480.8,False,0
2025-04-09,2701.05,2710.0,2640.15,2675.3,73069.0,3088.0,0,119782.05,0,128.27857142857133,128.66547713815874,20356.75,False,0
2025-04-11,2727.0,2769.9,2719.5,2751.1,104602.0,3088.0,0,117705.35,0,128.66785714285706,126.23222877114738,20752.85,False,0
2025-04-15,2778.6,2889.9,2778.6,2878.2,171350.0,3088.0,0,114864.0,1,129.32857142857137,127.12992671606544,21279.4,True,0
2025-04-16,2889.0,2937.4,2871.2,2926.9,167215.0,3088.0,0,120123.95,1,124.97142857142853,122.77778909348936,21404.35,True,0
2025-04-17,2917.0,2963.9,2825.7,2906.8,151023.0,3088.0,0,122647.4,1,127.7785714285714,123.87937558681156,21681.55,True,0
2025-04-21,2907.0,2919.0,2810.0,2815.4,85320.0,3088.0,0,118837.15,0,127.02142857142856,122.81656304489645,22005.75,True,0
2025-04-22,2815.5,2864.9,2775.0,2809.3,79621.0,3088.0,0,116439.1,0,127.875,120.465379970261,22085.15,True,0
2025-04-23,2818.0,2882.0,2802.0,2846.6,85241.0,3088.0,0,113512.2,0,127.1214285714286,117.57499568667093,22237.6,True,0
2025-04-24,2865.0,3148.0,2855.1,2916.0,1963631.0,3088.0,0,202769.4,1,141.26785714285717,130.705353137623,22180.65,True,0
2025-04-25,2941.5,2944.8,2780.0,2802.7,158911.0,3148.0,0,207388.05,0,146.98571428571432,133.14068505636425,21848.15,True,0
2025-04-28,2822.0,2875.7,2792.0,2849.8,116592.0,3148.0,0,207465.4,0,145.04285714285717,129.6092075523382,22101.85,True,0
2025-04-29,2849.0,2930.9,2810.1,2902.2,177315.0,3148.0,0,210591.95,0,141.78928571428577,128.97997844145692,22112.4,True,0
2025-04-30,2918.0,3045.0,2884.8,2964.6,344867.0,3148.0,0,223971.1,1,129.0714285714286,131.20997998135286,22030.05,True,0
2025-05-02,2935.3,2945.7,2842.1,2852.8,212531.0,3148.0,0,229189.25,0,125.59642857142863,130.58783855411338,22006.0,True,0
2025-05-05,2862.5,2919.9,2848.1,2894.0,181479.0,3148.0,0,234296.6,0,124.42142857142865,126.38870722881958,22195.15,True,0
2025-05-06,2891.2,2915.2,2826.3,2840.8,99437.0,3148.0,0,236175.3,0,124.01428571428576,123.71094242676101,21956.6,True,0
2025-05-07,2801.0,2863.9,2796.9,2850.5,97133.0,3148.0,0,232713.45,0,118.88571428571433,119.66016082484951,22072.45,True,0
2025-05-08,2860.4,2885.6,2730.0,2743.3,106474.0,3148.0,0,232838.5,0,125.27142857142859,122.22729219450311,21843.05,True,0
2025-05-09,2701.0,2768.1,2693.9,2759.9,61908.0,3148.0,0,228537.75,0,120.69999999999997,118.79677132346715,21675.55,True,0
2025-05-12,2799.0,2874.0,2706.1,2721.5,184335.0,3148.0,0,231102.7,0,124.90714285714284,122.30414480036237,22511.4,True,0
2025-05-13,2748.0,2829.6,2725.0,2788.7,195288.0,3148.0,0,237213.65,0,126.20714285714283,121.2895630289079,22349.4,True,0
2025-05-14,2914.1,3025.0,2860.7,2878.8,671906.0,3148.0,0,265578.85,1,137.37142857142857,129.50459424112879,22499.5,True,0
2025-05-15,2888.0,2911.4,2849.4,2878.9,126405.0,3148.0,0,263331.6,0,120.27142857142856,124.68283750961959,22788.8,True,0
2025-05-16,2897.0,2904.0,2812.0,2828.6,160815.0,3148.0,0,263011.6,0,115.07142857142854,122.34834911607534,22870.9,True,0
2025-05-19,2856.0,2856.0,2794.2,2820.6,98745.0,3148.0,0,260397.7,0,113.50714285714285,118.02346703635568,22865.8,True,0
2025-05-20,2825.8,2841.4,2763.2,2786.6,121014.0,3148.0,0,262182.4,0,110.46428571428571,115.17893367661601,22585.6,True,0
2025-05-21,2810.9,3011.3,2791.7,2984.2,1084959.0,3148.0,0,312449.3,1,115.0714285714286,123.00186698542917,22730.65,True,0
2025-05-22,2972.1,3035.0,2942.0,3018.7,213418.0,3148.0,0,318858.15,0,112.96428571428575,120.85887648646995,22595.0,True,0
2025-05-23,3009.0,3030.0,2968.1,3020.9,101269.0,3148.0,0,225740.05,0,112.25714285714288,116.64752816600783,22781.05,True,0
2025-05-26,3035.0,3055.7,2952.0,2960.5,104383.0,3148.0,0,223013.65,0,113.31428571428576,115.72270472557868,22908.3,True,0
2025-05-27,2965.5,3145.7,2955.4,3118.2,690461.0,3148.0,0,251707.1,1,122.1214285714286,121.04965438803733,22816.5,True,0
2025-05-28,3131.0,3398.0,3105.9,3348.2,797325.0,3148.0,1,282707.6,1,131.8714285714286,133.26753621746323,22779.4,True,1
2025-05-29,3336.0,3374.9,3228.9,3263.4,245166.0,3398.0,0,277722.55,0,137.00000000000003,134.17699791621587,22861.35,True,0
2025-05-30,3249.9,3359.0,3237.9,3298.6,292575.0,3398.0,0,281724.75,1,133.65714285714287,133.24292663648615,22801.95,True,0
2025-06-02,3298.0,3397.6,3252.6,3271.1,208929.0,3398.0,0,283097.25,0,136.29285714285717,134.08271759102286,22834.5,True,0
2025-06-03,3270.0,3332.0,3220.0,3245.1,121504.0,3398.0,0,284200.6,0,127.41428571428573,132.5053806202355,22711.3,True,0
2025-06-04,3259.0,3455.9,3238.8,3420.0,269490.0,3398.0,1,292818.45,0,138.49285714285716,138.54785343307583,22807.85,True,0
2025-06-05,3440.0,3515.7,3401.3,3466.2,207434.0,3455.9,1,297866.45,0,140.09285714285713,136.82300675928468,22934.5,True,0
2025-06-06,3451.1,3490.0,3367.7,3438.5,149126.0,3515.7,0,302227.35,0,144.41428571428568,135.7856491336215,23165.1,True,0
2025-06-09,3455.0,3505.0,3387.0,3397.9,125137.0,3515.7,0,299267.45,0,147.2571428571428,134.5152456240771,23330.55,True,0
2025-06-10,3411.7,3450.0,3346.0,3398.4,112904.0,3515.7,0,295148.25,0,138.63571428571422,132.3355852223573,23339.95,True,0
2025-06-11,3402.1,3467.0,3365.2,3378.0,99844.0,3515.7,0,266545.15,0,139.26428571428568,130.15447199218895,23337.85,True,0
2025-06-12,3398.0,3439.8,3310.3,3320.0,166419.0,3515.7,0,268545.85,0,144.0928571428571,130.10772399274688,23046.45,True,0
2025-06-13,3300.0,3331.6,3258.6,3295.0,105723.0,3515.7,0,265791.25,0,141.89999999999995,126.02860085040781,22906.2,True,0
2025-06-16,3285.7,3381.1,3234.3,3366.8,82350.0,3515.7,0,264971.5,0,138.79285714285712,127.51227221823581,23095.05,True,0
2025-06-17,3344.0,3356.7,3240.0,3254.0,145878.0,3515.7,0,266214.7,0,126.98571428571427,127.46139563121899,22981.5,True,0
2025-06-18,3240.1,3306.7,3240.1,3286.4,151746.0,3515.7,0,219554.05,0,121.31428571428569,123.1141530861319,22925.2,True,0
2025-06-19,3250.0,3293.4,3175.0,3199.2,67083.0,3515.7,0,212237.3,0,121.12142857142855,122.77742786569391,22763.5,True,0
2025-06-20,3190.2,3255.0,3176.0,3213.5,123913.0,3515.7,0,213369.5,0,116.40714285714284,119.65046873243007,23041.1,True,0
2025-06-23,3176.5,3215.0,3153.9,3171.4,79994.0,3515.7,0,212150.05,0,112.77142857142856,115.46829239439934,23001.5,True,0
2025-06-24,3186.0,3280.0,3186.0,3229.1,109870.0,3515.7,0,183120.5,0,105.02142857142856,114.97770008051366,23113.2,True,0
2025-06-25,3254.8,3288.4,3233.2,3258.8,96385.0,3515.7,0,148073.5,0,101.0857142857143,111.00072150333412,23296.85,True,0
2025-06-26,3270.0,3309.0,3247.1,3301.9,156629.0,3515.7,0,143646.65,1,96.77142857142859,107.49352711023883,23517.55,True,0
2025-06-27,3324.9,3500.0,3292.8,3439.6,499010.0,3515.7,0,153968.4,1,103.14285714285714,114.61541803093606,23620.15,True,0
2025-06-30,3456.0,3456.0,3351.0,3388.1,176697.0,3515.7,0,152356.8,1,103.21428571428571,113.92860245729777,23617.2,True,0
2025-07-01,3388.7,3450.0,3345.1,3353.3,122742.0,3515.7,0,152418.7,0,103.43571428571428,113.28370228177651,23615.45,True,0
2025-07-02,3364.6,3369.2,3267.0,3293.8,75713.0,3515.7,0,142729.85,0,101.48571428571427,112.49200926164961,23547.25,True,0
2025-07-03,3264.0,3363.8,3264.0,3302.0,80140.0,3515.7,0,136365.15,0,103.39999999999999,111.5854371715318,23521.85,True,0
2025-07-04,3303.0,3348.0,3275.0,3283.7,78280.0,3515.7,0,132822.85,0,98.12857142857145,108.82933451642238,23562.45,True,0
2025-07-07,3287.5,3358.9,3274.0,3285.0,73720.0,3515.7,0,130252.0,0,95.13571428571429,107.12009633667792,23551.2,True,0
2025-07-08,3280.0,3339.0,3246.1,3260.7,75369.0,3515.7,0,128375.25,0,97.01428571428573,106.10437516977235,23572.55,True,0
2025-07-09,3266.1,3344.0,3266.1,3309.0,83528.0,3515.7,0,127559.45,0,94.50714285714288,104.47549122907434,23557.45,True,0
2025-07-10,3309.1,3319.9,3246.0,3251.9,45314.0,3515.7,0,121504.2,0,94.14285714285718,102.29152756985475,23471.4,True,0
2025-07-11,3244.0,3272.5,3225.4,3243.8,43722.0,3515.7,0,118404.15,0,93.14285714285718,98.3492756005794,23282.7,True,0
2025-07-14,3243.8,3254.9,3171.6,3187.9,77362.0,3515.7,0,118154.75,0,91.33571428571433,97.27432734339517,23309.05,True,0
2025-07-15,3190.1,3227.2,3176.8,3199.3,57695.0,3515.7,0,113745.6,0,90.70000000000002,93.9261611045812,23449.15,True,0
2025-07-16,3198.0,3200.5,3153.9,3167.6,45839.0,3515.7,0,108450.25,0,89.60714285714286,90.54572102568252,23472.5,True,0
2025-07-17,3170.0,3196.8,3154.9,3173.6,46351.0,3515.7,0,107413.65,0,77.80000000000003,87.07102666670521,23419.7,True,0
2025-07-18,3184.0,3195.6,3112.5,3138.4,52526.0,3515.7,0,103844.3,0,76.2357142857143,86.78738190479768,23275.15,True,0
2025-07-21,3138.4,3149.0,3074.1,3119.1,54032.0,3515.7,0,102546.2,0,74.09285714285716,85.93828319731213,23378.45,True,0
2025-07-22,3134.0,3152.2,3088.0,3098.6,55167.0,3515.7,0,99811.05,0,71.37857142857145,84.3855486832184,23320.9,True,0
2025-07-23,3121.9,3161.0,3090.0,3131.4,58819.0,3515.7,0,97932.75,0,69.32142857142857,83.42943806298852,23428.4,True,0
2025-07-24,3130.0,3177.9,3100.0,3162.4,68929.0,3515.7,0,93547.75,0,69.67142857142858,83.03447820134649,23301.1,True,0
2025-07-25,3175.0,3220.0,3120.4,3144.2,115563.0,3515.7,0,74375.4,1,70.72142857142856,84.21772975839316,23014.8,False,0
2025-07-28,3144.2,3161.9,3072.5,3083.5,54855.0,3515.7,0,68283.3,0,70.47142857142856,84.58789191850794,22846.95,False,0
2025-07-29,3083.5,3178.8,3083.5,3150.2,98969.0,3515.7,0,67094.65,1,71.32857142857142,85.35304249575738,23007.35,False,0
2025-07-30,3150.8,3200.0,3150.2,3197.0,96877.0,3515.7,0,68152.85,1,69.60714285714286,82.81353946034615,23033.55,False,0
2025-07-31,3170.0,3198.1,3135.2,3162.6,65839.0,3515.7,0,67437.8,0,70.7357142857143,81.39114378460715,22914.95,False,0
2025-08-01,3162.9,3184.3,2890.0,2936.5,282736.0,3515.7,0,77660.6,1,85.80714285714286,96.5989192285638,22673.65,False,0
2025-08-04,2930.1,2936.0,2828.0,2869.0,143804.0,3515.7,0,81164.8,1,89.9571428571429,97.44899642652354,22860.4,False,0
2025-08-05,2869.0,2895.0,2811.1,2828.8,100660.0,3515.7,0,82429.35,1,92.62142857142862,96.48121096748615,22798.5,False,0
2025-08-06,2824.0,2830.7,2720.0,2734.9,90193.0,3515.7,0,82762.6,1,97.53571428571432,97.49683875552284,22666.85,False,0
2025-08-07,2720.0,2721.2,2645.0,2677.5,124214.0,3515.7,0,86707.6,1,98.02142857142861,96.95420741584265,22694.1,False,0
2025-08-08,2676.0,2676.0,2630.0,2651.0,77215.0,3515.7,0,88382.25,0,96.06428571428576,93.42176402899675,22443.15,False,0
2025-08-11,2651.0,2712.6,2611.1,2687.1,56444.0,3515.7,0,87336.35,0,98.72857142857148,93.99878088406841,22633.45,False,0
2025-08-12,2678.0,2687.0,2560.0,2588.7,141456.0,3515.7,0,91524.4,1,102.73571428571434,96.36315367806353,22568.6,False,0
2025-08-13,2605.0,2789.0,2597.9,2772.6,421339.0,3515.7,0,110299.4,1,111.47857142857148,103.78721412963043,22698.1,False,0
2025-08-14,2772.6,2782.1,2687.2,2769.6,116849.0,3515.7,0,113824.3,1,111.14285714285721,103.15241312037111,22680.25,False,0
2025-08-15,2772.6,2782.1,2687.2,2769.6,116849.0,3515.7,0,117040.45,0,111.53571428571435,102.5629550403446,,,0
2025-08-18,2774.4,2815.0,2701.0,2794.1,189209.0,3515.7,0,123799.3,1,112.87142857142862,103.37988682317713,22931.5,,0
2025-08-19,2800.0,2829.9,2746.1,2807.2,127746.0,3515.7,0,127428.25,1,115.30000000000005,101.98132347866449,23066.6,,0
2025-08-20,2825.0,2854.9,2763.3,2781.3,114680.0,3515.7,0,130221.3,0,117.35000000000004,101.2398003730456,23143.15,,0
2025-08-21,2785.0,2824.3,2756.0,2780.4,109925.0,3515.7,0,132271.1,0,101.2071428571429,98.88695748925663,23137.15,,0
2025-08-22,2767.0,2806.6,2752.6,2798.8,39428.0,3515.7,0,128464.35,0,97.31428571428576,95.68074624002402,22991.3,,0
2025-08-25,2802.5,2869.0,2790.0,2802.1,132460.0,3515.7,0,132344.6,1,96.96428571428575,94.4892643657366,23052.0,,0
2025-08-26,2802.5,2835.0,2752.6,2789.4,180296.0,3515.7,0,136410.95,1,94.94285714285719,93.62574548246971,22768.65,,0
2025-08-27,2802.5,2835.0,2752.6,2789.4,180296.0,3515.7,0,140581.9,1,94.40714285714292,92.82390651943616,,,0
2025-08-28,2765.0,2792.7,2725.5,2749.2,145917.0,3515.7,0,144585.8,1,95.81428571428576,90.99362748233357,22541.65,,0
2025-08-29,2751.0,2815.0,2751.0,2785.0,70828.0,3515.7,0,133990.4,0,93.26428571428576,89.19408266216689,22462.95,,0
2025-09-01,2786.0,2818.5,2757.1,2808.5,89303.0,3515.7,0,131265.35,0,88.57142857142864,87.20879104344068,22713.55,,0
2025-09-02,2806.0,2828.8,2739.1,2752.2,74423.0,3515.7,0,129953.5,0,80.67142857142865,87.3867345403378,22724.4,,0
2025-09-03,2749.0,2784.0,2700.0,2776.9,128841.0,3515.7,0,131885.9,0,79.89285714285721,87.14482493031367,22864.65,,0
2025-09-04,2789.5,2883.4,2752.7,2851.8,142671.0,3515.7,0,132808.75,1,82.45000000000007,90.25590886386271,22819.65,,0
2025-09-05,2845.0,2849.7,2755.0,2770.3,64535.0,3515.7,0,132174.75,0,81.22142857142866,90.72334394501539,22829.15,,0
2025-09-08,2821.0,2835.0,2758.1,2819.1,69313.0,3515.7,0,132818.2,0,80.72857142857151,89.73596223465715,22878.65,,0
2025-09-09,2819.0,2824.9,2780.0,2820.6,55776.0,3515.7,0,128534.2,0,77.39285714285724,86.53339350361021,22949.1,,0
2025-09-10,2820.0,2855.9,2801.6,2837.5,50689.0,3515.7,0,110001.7,0,76.39285714285724,84.23100825335236,23074.15,,0
2025-09-11,2837.0,2879.0,2817.8,2863.8,46536.0,3515.7,0,106486.05,0,76.90714285714294,82.58593623525574,23102.65,,0
2025-09-12,2854.6,2854.6,2757.1,2774.0,120444.0,3515.7,0,106665.8,1,78.88571428571439,84.30836936130892,23190.25,,0
2025-09-15,2784.0,2785.1,2739.3,2755.2,50360.0,3515.7,0,99723.35,0,76.27142857142864,81.55777154978684,23215.85,,0
2025-09-16,2760.9,2769.9,2727.5,2738.2,56908.0,3515.7,0,96181.45,0,73.4142857142858,78.76078786765922,23369.3,,0
2025-09-17,2742.0,2768.0,2731.9,2742.0,182307.0,3515.7,0,99562.8,1,71.19285714285722,75.713588734255,23445.2,,0
2025-09-18,2751.0,2775.0,2719.9,2755.4,110262.0,3515.7,0,99579.65,1,70.42857142857149,74.24118953895106,23518.9,,0
2025-09-19,2767.5,2767.5,2730.0,2741.1,85057.0,3515.7,0,101861.1,0,68.72142857142863,71.61681885759741,23486.65,,0
2025-09-22,2754.0,2779.6,2725.3,2762.3,81247.0,3515.7,0,99300.45,0,66.19285714285716,70.37990322491186,23381.45,,0
2025-09-23,2764.0,2780.0,2730.6,2761.7,68393.0,3515.7,0,93705.3,0,63.721428571428596,68.88133870884674,23325.25,,0
2025-09-24,2758.0,2765.0,2735.2,2746.4,37974.0,3515.7,0,86589.2,0,56.514285714285734,66.0898145153577,23178.25,,0
2025-09-25,2744.0,2761.9,2725.0,2738.2,33280.0,3515.7,0,80957.35,0,52.2357142857143,64.00482776426072,23022.4,,0
2025-09-26,2705.1,2705.1,2640.1,2672.4,229634.0,3515.7,0,88897.65,1,53.75,66.44019720967067,22713.15,,0
2025-09-29,2669.9,2709.0,2622.6,2662.9,89831.0,3515.7,0,88924.05,1,56.714285714285715,67.86589740897992,22739.1,,0
2025-09-30,2663.0,2694.2,2645.8,2659.7,58243.0,3515.7,0,88115.05,0,56.2928571428571,66.47547616548133,22734.1,,0
2025-10-01,2659.7,2729.8,2659.7,2697.2,46082.0,3515.7,0,83977.1,0,56.92857142857143,66.73437072508982,22928.3,,0
2025-10-02,2659.7,2729.8,2659.7,2697.2,46082.0,3515.7,0,79147.65,0,54.314285714285724,66.97477281615485,,,0
2025-10-03,2693.0,2759.9,2686.0,2745.8,47199.0,3515.7,0,78280.85,0,56.321428571428605,67.46943190071524,23027.7,,0
2025-10-06,2754.0,2770.0,2698.0,2732.3,83843.0,3515.7,0,79007.35,1,58.43571428571431,67.793043907807,23169.65,,0
2025-10-07,2745.0,2763.6,2715.1,2740.4,57028.0,3515.7,0,79069.95,0,59.321428571428605,66.41496934296364,23209.5,,0
2025-10-08,2732.0,2757.5,2719.2,2729.6,68189.0,3515.7,0,79944.95,0,58.12142857142862,64.40675724703769,23109.35,,0
2025-10-09,2730.0,2772.0,2725.1,2761.0,81394.0,3515.7,0,81687.85,0,58.7928571428572,63.156274586535005,23241.75,,0
2025-10-10,2755.0,2782.4,2733.4,2767.4,39058.0,3515.7,0,77618.55,0,58.41428571428579,62.14511211606822,23337.55,,0
2025-10-13,2753.6,2780.0,2741.7,2750.5,55415.0,3515.7,0,77871.3,0,57.62142857142866,60.44188982206337,23294.8,,0
2025-10-14,2751.9,2774.2,2741.3,2763.6,61716.0,3515.7,0,78111.7,0,57.84285714285719,58.47461197763024,23184.05,,0
2025-10-15,2763.0,2763.0,2726.0,2735.7,33150.0,3515.7,0,70653.85,0,57.892857142857174,56.983568264942356,23377.35,,0
2025-10-16,2738.0,2747.9,2716.1,2723.7,38090.0,3515.7,0,67045.25,0,53.15714285714291,55.18474196030363,23563.8,,0
2025-10-17,2741.0,2750.7,2708.4,2742.9,53427.0,3515.7,0,65463.75,0,50.00714285714288,54.264403248853355,23598.05,,0
2025-10-20,2739.0,2759.9,2716.1,2745.7,69234.0,3515.7,0,64863.1,1,49.678571428571495,53.51694587393528,23716.1,,0
2025-10-21,2754.0,2766.6,2751.0,2758.8,6317.0,3515.7,0,61759.3,0,46.16428571428576,51.18716402579705,23759.2,,0
2025-10-22,2754.0,2766.6,2751.0,2758.8,6317.0,3515.7,0,60176.45,0,42.27142857142859,48.64522373824012,,,0
2025-10-23,2752.0,2795.9,2752.0,2760.7,40731.0,3515.7,0,60549.0,0,40.12857142857144,48.306279185508686,23755.9,,0
2025-10-24,2764.0,2764.1,2733.8,2758.1,36805.0,3515.7,0,50907.55,0,37.14999999999999,47.020116386543755,23686.6,,0
2025-10-27,2760.0,2760.0,2679.9,2686.9,66014.0,3515.7,0,49716.7,1,39.407142857142844,49.382965216076336,23840.9,,0
2025-10-28,2672.0,2723.7,2652.0,2658.1,80808.0,3515.7,0,50844.95,1,41.7928571428571,50.97703912921373,23812.55,,0
2025-10-29,2671.0,2680.0,2621.0,2642.8,65859.0,3515.7,0,51833.8,1,42.65714285714281,51.55010776284132,23952.4,,0
2025-10-30,2652.0,2652.0,2601.0,2621.7,86402.0,3515.7,0,53849.8,1,42.799999999999955,51.510814351209795,23841.3,,0
2025-10-31,2632.7,2696.7,2606.1,2618.6,92299.0,3515.7,0,56104.8,1,46.53571428571422,54.30289904040909,23710.4,,0
2025-11-03,2644.0,2694.0,2618.7,2682.8,109437.0,3515.7,0,57384.5,1,49.57142857142854,55.80983482323701,23810.7,,0
2025-11-04,2685.4,2693.9,2641.2,2658.5,96909.0,3515.7,0,59378.55,1,50.64999999999999,55.58770376443439,23675.45,,0
2025-11-05,2685.4,2693.9,2641.2,2658.5,96909.0,3515.7,0,60814.55,1,52.142857142857146,55.38143920983195,,,0
2025-11-06,2658.5,2668.5,2562.0,2605.5,89176.0,3515.7,0,61203.65,1,56.72857142857145,59.03276498055824,23513.15,,0
2025-11-07,2605.5,2609.8,2479.0,2587.9,185386.0,3515.7,0,68520.05,1,62.942857142857164,64.15899605337553,23521.5,,0
2025-11-10,2587.0,2590.6,2534.2,2539.8,59285.0,3515.7,0,68713.55,0,65.47857142857144,63.604782049563006,23596.9,,0
2025-11-11,2548.0,2550.7,2467.5,2476.3,256001.0,3515.7,0,78427.8,1,70.30714285714286,65.0044404745942,23682.65,,0
2025-11-12,2486.0,2536.6,2473.1,2506.7,123096.0,3515.7,0,82925.1,1,71.70714285714287,64.89698044069462,23836.9,,0
2025-11-13,2506.7,2548.1,2486.3,2494.5,61513.0,3515.7,0,84096.25,0,73.95714285714287,64.67576755207355,23816.0,,0
2025-11-14,2499.8,2515.2,2470.9,2479.4,51386.0,3515.7,0,83994.2,0,71.39999999999999,63.22035558406828,23836.35,,0
2025-11-17,2491.7,2524.9,2474.7,2493.1,174553.0,3515.7,0,89260.15,1,69.86428571428574,62.29033018520628,23954.55,,0
2025-11-18,2505.0,2505.0,2481.3,2487.9,68377.0,3515.7,0,92363.15,0,67.34285714285716,59.5338780291201,23824.65,,0
2025-11-19,2490.0,2526.4,2471.4,2519.0,53349.0,3515.7,0,94714.75,0,67.62857142857145,59.21002959846867,23906.3,,0
2025-11-20,2514.5,2532.6,2501.1,2509.0,31608.0,3515.7,0,94258.6,0,63.40714285714288,57.230741770006624,23975.45,,0
2025-11-21,2501.2,2523.4,2488.0,2497.9,72263.0,3515.7,0,96031.5,0,60.55000000000002,55.67140307214901,23790.25,,0
2025-11-24,2497.9,2497.9,2404.2,2477.0,127654.0,3515.7,0,99113.5,1,63.47857142857145,58.38773142413839,23674.55,,0
2025-11-25,2477.0,2499.0,2430.0,2486.1,81580.0,3515.7,0,99152.1,0,64.64285714285714,59.1457506081285,23655.05,,0
2025-11-26,2483.0,2509.9,2459.7,2489.3,65730.0,3515.7,0,99145.65,0,60.62142857142859,58.50676842183363,23955.2,,0
2025-11-27,2489.7,2524.4,2465.1,2519.6,44167.0,3515.7,0,97033.9,0,55.514285714285734,58.5634278202741,23947.75,,0
2025-11-28,2519.6,2585.1,2479.0,2569.5,110509.0,3515.7,0,97944.4,1,59.064285714285724,61.958897261683084,23933.2,,0
2025-12-01,2551.0,2558.5,2490.0,2495.4,90045.0,3515.7,0,96974.8,0,58.80000000000002,63.211833171562866,23922.45,,0
2025-12-02,2495.6,2525.5,2482.0,2519.6,80503.0,3515.7,0,96154.5,0,57.37142857142859,61.8038450878798,23822.25,,0
2025-12-03,2512.0,2529.9,2461.1,2518.9,118991.0,3515.7,0,97258.6,1,57.87142857142862,62.303570438745545,23716.3,,0
2025-12-04,2520.0,2539.0,2494.9,2510.8,82587.0,3515.7,0,96929.15,0,57.857142857142925,61.00331540740657,23741.1,,0
2025-12-05,2492.0,2582.5,2491.2,2545.6,159008.0,3515.7,0,95610.25,1,60.7928571428572,63.16736430687754,23835.25,,0
2025-12-08,2545.6,2567.0,2511.1,2544.3,75958.0,3515.7,0,96443.9,0,63.09285714285722,62.648266856386286,23526.2,,0
2025-12-09,2534.3,2569.5,2491.0,2559.2,118147.0,3515.7,0,89551.2,1,64.77142857142864,63.78053350950155,23516.25,,0
2025-12-10,2555.0,2618.0,2547.0,2593.3,73410.0,3515.7,0,87066.9,0,67.59285714285723,64.2962096873943,23408.8,,0
2025-12-11,2592.0,2635.0,2570.0,2622.1,74843.0,3515.7,0,87733.4,0,69.70714285714293,64.34648042400899,23550.85,,0
2025-12-12,2624.0,2635.0,2559.0,2600.8,170216.0,3515.7,0,93674.9,1,68.44285714285719,65.17887467943692,23726.2,,0
2025-12-15,2587.7,2608.9,2571.0,2578.1,25785.0,3515.7,0,86236.5,0,66.22142857142863,63.23038363090571,23725.2,,0
2025-12-16,2578.1,2599.9,2572.2,2585.5,41890.0,3515.7,0,84912.15,0,64.61428571428577,60.69249908584104,23570.15,,0
2025-12-17,2585.0,2589.7,2562.0,2582.6,65795.0,3515.7,0,85534.45,0,62.35714285714289,58.33589200828096,23496.05,,0
2025-12-18,2594.5,2594.5,2506.7,2554.2,67558.0,3515.7,0,87331.95,0,61.050000000000054,60.440471150546614,23491.5,,0
2025-12-19,2575.0,2575.0,2510.0,2529.0,126499.0,3515.7,0,90043.75,1,60.01428571428577,60.766151782650425,23677.55,,0
2025-12-22,2530.1,2550.1,2519.9,2523.4,54185.0,3515.7,0,86370.3,0,59.06428571428575,58.58285522674681,23867.65,,0
2025-12-23,2525.0,2536.3,2485.0,2500.2,51595.0,3515.7,0,84871.05,0,57.81428571428575,58.06265128197919,23895.15,,0
2025-12-24,2501.0,2510.3,2476.0,2486.9,39843.0,3515.7,0,83576.7,0,57.11428571428577,56.36531904755212,23850.25,,0
2025-12-25,2501.0,2510.3,2476.0,2486.9,39843.0,3515.7,0,83360.5,0,53.0428571428572,54.78922482986984,,,0
2025-12-26,2488.0,2488.8,2459.5,2464.3,32764.0,3515.7,0,79473.25,0,51.14285714285721,52.968565913450576,23780.25,,0
2025-12-29,2483.0,2487.5,2445.0,2477.4,51186.0,3515.7,0,77530.3,0,48.57142857142863,52.22081120534697,23682.1,,0
2025-12-30,2462.2,2468.4,2362.6,2384.2,517479.0,3515.7,0,99379.1,1,51.70000000000008,56.69075326210792,23668.8,,0
2025-12-31,2419.4,2482.5,2382.0,2473.6,114120.0,3515.7,0,99135.55,1,54.235714285714366,59.81998517195735,23871.55,,0
2026-01-01,2476.0,2476.0,2442.5,2455.9,40789.0,3515.7,0,97045.65,0,51.20000000000008,57.939986231103255,23909.55,,0
2026-01-02,2461.3,2487.7,2443.9,2483.8,27469.0,3515.7,0,90468.7,0,51.62142857142862,56.92998721459586,24099.0,,0
2026-01-05,2484.9,2484.9,2452.0,2456.2,44205.0,3515.7,0,88881.05,0,51.99285714285718,55.21355955641045,24058.45,,0
2026-01-06,2456.0,2504.0,2437.2,2483.3,45634.0,3515.7,0,85255.4,0,54.78571428571435,56.04116244523829,24010.5,,0
2026-01-07,2483.3,2528.0,2448.0,2459.8,155760.0,3515.7,0,89372.9,1,54.22857142857148,57.752507984864124,24016.6,,0
2026-01-08,2455.0,2455.3,2386.8,2398.7,43925.0,3515.7,0,87827.0,0,54.800000000000054,58.84161455737383,23680.1,,0
2026-01-09,2390.0,2404.0,2350.0,2372.1,81420.0,3515.7,0,83387.2,0,56.500000000000064,58.495784946132844,23467.35,,0
2026-01-12,2372.0,2403.8,2337.6,2397.1,44475.0,3515.7,0,84321.7,0,57.56428571428579,59.04608602140909,23510.45,,0
2026-01-13,2397.0,2417.1,2349.0,2369.1,58611.0,3515.7,0,85157.75,0,59.97857142857148,59.69279416273701,23480.65,,0
2026-01-14,2369.0,2411.5,2361.0,2394.8,56103.0,3515.7,0,84673.15,0,61.13571428571432,59.0361660082558,23475.85,,0
2026-01-15,2369.0,2411.5,2361.0,2394.8,56103.0,3515.7,0,84100.4,0,62.65000000000003,58.426439864808955,,,0
2026-01-16,2409.8,2409.8,2340.0,2345.4,59347.0,3515.7,0,80742.8,0,64.60000000000004,59.238837017322616,23485.3,,0
2026-01-19,2345.9,2354.8,2324.9,2329.6,22916.0,3515.7,0,79179.35,0,58.53571428571432,57.14320580179958,23373.75,,0
2026-01-20,2329.0,2337.3,2263.3,2272.6,100472.0,3515.7,0,81623.2,1,56.642857142857174,58.34726253024247,22946.65,,0
2026-01-21,2270.1,2299.0,2220.3,2278.5,100394.0,3515.7,0,84650.75,1,59.87142857142859,59.801029492367995,22835.15,,0
2026-01-22,2304.0,2393.5,2291.3,2380.2,88898.0,3515.7,0,87103.5,1,64.9571428571429,63.743813100055995,23008.75,,0
2026-01-23,2381.9,2420.0,2307.6,2313.4,86873.0,3515.7,0,89808.95,0,70.63571428571433,67.21925502148058,22706.2,,0
2026-01-26,2381.9,2420.0,2307.6,2313.4,86873.0,3515.7,0,91593.3,0,73.89285714285718,70.44645109137483,,,0
2026-01-27,2319.0,2356.2,2278.3,2340.8,46789.0,3515.7,0,68058.8,0,73.74285714285715,70.97884744199088,22819.25,,0
2026-01-28,2351.0,2442.9,2331.9,2434.2,78593.0,3515.7,0,66282.45,1,76.45714285714287,73.8375011961344,23082.1,,0
2026-01-29,2438.2,2438.2,2345.0,2366.6,73586.0,3515.7,0,67922.3,1,79.25714285714285,75.22053682498192,23134.8,,0
2026-01-30,2359.9,2414.0,2306.3,2401.6,109753.0,3515.7,0,72036.5,1,82.22142857142853,77.54049848034035,23079.5,,0
2026-02-01,2421.4,2448.0,2372.2,2408.4,20797.0,3515.7,0,70866.1,0,82.77142857142856,77.41617716031604,22611.3,,0
2026-02-02,2400.2,2426.6,2342.1,2407.2,75479.0,3515.7,0,72358.35,1,85.19999999999997,77.92216450600775,22837.0,,0
2026-02-03,2465.0,2475.6,2401.8,2435.3,89069.0,3515.7,0,69023.8,1,86.86428571428567,77.62772418415003,23446.3,,0
2026-02-04,2406.6,2420.0,2385.1,2407.1,36450.0,3515.7,0,68650.05,0,85.46428571428568,75.66860102813932,23534.95,,0
2026-02-05,2407.1,2456.5,2370.3,2444.6,51183.0,3515.7,0,67138.2,0,89.48571428571424,76.42084381184364,23411.7,,0
2026-02-06,2444.6,2489.0,2405.0,2484.0,75210.0,3515.7,0,68674.95,1,90.19999999999995,76.96221211099767,23434.0,,0
2026-02-09,2489.0,2540.0,2475.0,2516.2,104890.0,3515.7,0,70988.9,1,89.22142857142853,76.10776838878355,23683.4,,0
2026-02-10,2550.4,2675.0,2541.6,2622.9,356548.0,3515.7,0,86011.15,1,92.34999999999998,82.0143563610133,23753.75,,0
2026-02-11,2622.0,2719.8,2610.0,2699.3,114978.0,3515.7,0,88954.9,1,92.1642857142857,83.99904519236951,23783.05,,0
2026-02-12,2705.7,2705.7,2644.8,2668.5,43439.0,3515.7,0,88159.5,0,88.48571428571424,82.34911339291452,23651.55,,0
2026-02-13,2645.0,2668.5,2584.8,2594.4,61048.0,3515.7,0,90066.1,0,88.89999999999996,82.44560529342061,23313.15,,0
2026-02-16,2590.0,2639.0,2584.8,2597.3,34053.0,3515.7,0,86745.15,0,84.84285714285708,80.42806205817627,23472.45,,0
2026-02-17,2590.8,2627.0,2579.0,2603.6,87738.0,3515.7,0,86112.35,1,81.61428571428567,78.11177191116369,23540.05,,0
2026-02-18,2603.6,2644.0,2578.6,2583.8,44733.0,3515.7,0,83904.1,0,78.59285714285713,77.20378820322344,23645.8,,0
2026-02-19,2584.0,2625.0,2560.0,2577.9,57060.0,3515.7,0,82413.45,0,77.82142857142854,76.33208904585034,23297.45,,0
2026-02-20,2577.0,2610.4,2558.1,2596.9,39094.0,3515.7,0,80024.5,0,75.52142857142856,74.61551125686104,23395.0,,0
2026-02-23,2616.8,2668.8,2610.5,2638.6,59249.0,3515.7,0,80647.5,0,75.38571428571429,74.42154616708525,23484.95,,0
2026-02-24,2635.1,2635.1,2591.3,2618.2,57672.0,3515.7,0,79601.45,0,75.1785714285714,72.48429286943629,23304.6,,0
2026-02-25,2602.5,2667.4,2602.5,2652.5,39395.0,3515.7,0,77891.9,0,73.65714285714284,71.94255766447655,23403.8,,0
2026-02-26,2650.0,2650.0,2610.0,2626.0,34573.0,3515.7,0,74132.9,0,70.69285714285714,69.83951783129966,23448.5,,0
2026-02-27,2632.1,2633.1,2566.0,2571.6,46525.0,3515.7,0,75419.3,0,70.84285714285713,69.64383798620682,23166.85,,0
2026-03-02,2520.0,2581.6,2511.7,2532.6,106428.0,3515.7,0,76966.75,1,64.49285714285712,69.66213527290634,22835.95,,0
2026-03-03,2520.0,2581.6,2511.7,2532.6,106428.0,3515.7,0,77834.7,1,61.64285714285711,69.67912561055589,,,0
2026-03-04,2501.0,2512.1,2480.0,2485.9,52317.0,3515.7,0,78628.05,0,61.04999999999999,68.45918806694475,22409.8,,0
2026-03-05,2487.0,2525.0,2450.1,2479.3,46130.0,3515.7,0,78375.4,0,60.42142857142858,68.91924606216298,22697.8,,0
2026-03-06,2478.0,2528.9,2470.5,2517.3,32929.0,3515.7,0,76261.35,0,60.721428571428596,68.16787134343706,22481.3,,0
2026-03-09,2500.0,2529.9,2450.8,2519.2,44706.0,3515.7,0,73252.15,0,62.942857142857164,68.9487376760487,22056.55,,0
2026-03-10,2527.0,2554.0,2473.0,2487.0,60144.0,3515.7,0,58431.95,1,64.05714285714286,69.8095421277595,22342.95,,0
2026-03-11,2489.5,2541.0,2471.0,2486.0,42649.0,3515.7,0,54815.5,0,64.41428571428573,69.82314626149096,22042.3,,0
2026-03-12,2486.0,2519.4,2436.8,2504.4,47013.0,3515.7,0,54994.2,0,66.57857142857142,70.73577867138445,21897.5,,0
2026-03-13,2500.0,2500.0,2397.7,2424.3,51430.0,3515.7,0,54513.3,0,69.06428571428572,73.30465162342843,21391.2,,0
2026-03-16,2413.0,2432.4,2379.2,2403.0,43791.0,3515.7,0,55000.2,0,69.48571428571434,71.86860507889784,21498.8,,0
2026-03-17,2404.9,2440.0,2396.0,2429.6,31162.0,3515.7,0,52171.4,0,67.99285714285718,69.87799043040515,21669.3,,0
2026-03-18,2428.9,2472.0,2418.2,2437.6,26379.0,3515.7,0,51253.7,0,68.80000000000005,68.72956254251908,21917.4,,0
2026-03-19,2401.0,2419.6,2372.4,2376.7,23012.0,3515.7,0,49551.3,0,68.66428571428575,68.47745093233912,21225.8,,0
2026-03-20,2376.8,2416.0,2362.5,2384.8,58866.0,3515.7,0,50539.9,1,67.49285714285718,67.40763300860061,21327.9,,0
2026-03-23,2353.4,2364.9,2269.1,2279.2,50972.0,3515.7,0,50126.05,1,70.76428571428576,70.85708779370059,20664.25,,0
2026-03-24,2301.0,2340.0,2284.6,2309.1,51349.0,3515.7,0,49809.9,1,71.35000000000007,70.13872437986484,21067.0,,0
2026-03-25,2310.0,2352.5,2305.2,2321.6,87862.0,3515.7,0,52233.25,1,69.3785714285715,68.50738692416022,21478.2,,0
2026-03-26,2310.0,2352.5,2305.2,2321.6,87862.0,3515.7,0,54897.7,1,68.58571428571437,66.9925735724345,,,0
2026-03-27,2320.6,2330.4,2255.1,2259.5,61215.0,3515.7,0,55632.2,1,68.31428571428582,67.58596117440348,21020.15,,0
2026-03-30,2259.5,2296.9,2217.6,2283.0,129602.0,3515.7,0,56790.9,1,68.19285714285726,68.42267823337467,20528.05,,0
2026-03-31,2259.5,2296.9,2217.6,2283.0,129602.0,3515.7,0,57949.6,1,68.85714285714299,69.19962978813363,,,0
2026-04-01,2305.0,2401.9,2291.2,2329.2,70124.0,3515.7,0,58839.95,1,71.45000000000014,72.74965623183839,20935.15,,0
2026-04-02,2293.1,2339.8,2261.9,2311.5,109321.0,3515.7,0,61999.5,1,69.39285714285727,73.11753792956422,20938.35,,0
2026-04-03,2293.1,2339.8,2261.9,2311.5,109321.0,3515.7,0,65819.1,1,71.15714285714297,73.45914236316678,,,0
2026-04-06,2307.0,2355.9,2267.8,2346.6,37644.0,3515.7,0,65466.0,0,74.30714285714296,74.50491790865486,21194.05,,0
2026-04-07,2339.9,2357.9,2315.2,2333.4,54934.0,3515.7,0,65205.5,0,73.51428571428583,72.23313805803667,21296.45,,0
2026-04-08,2377.0,2396.9,2348.0,2354.3,56548.0,3515.7,0,65900.45,0,73.39285714285727,71.60934248246262,22137.1,,0
2026-04-09,2354.3,2374.3,2345.0,2359.7,23611.0,3515.7,0,64730.35,0,71.66428571428585,68.58724659085816,22037.5,,0
2026-04-10,2359.7,2431.8,2357.0,2394.0,56237.0,3515.7,0,64970.7,0,68.74285714285728,69.03101469151116,22346.75,,0
2026-04-13,2370.1,2468.8,2341.2,2414.2,63740.0,3515.7,0,65968.15,0,73.51428571428586,73.21451364211752,22179.05,,0
2026-04-14,2370.1,2468.8,2341.2,2414.2,63740.0,3515.7,0,67597.05,0,79.25000000000016,77.09919123910916,,,0
2026-04-15,2430.0,2439.3,2391.0,2405.2,61085.0,3515.7,0,69332.35,0,79.32142857142874,75.04210615060138,22595.55,,0
2026-04-16,2417.2,2441.6,2391.6,2419.8,34264.0,3515.7,0,69894.95,0,77.51428571428586,73.25338428270129,22656.3,,0
2026-04-17,2419.8,2465.4,2410.0,2453.9,42722.0,3515.7,0,69087.75,0,75.807142857143,71.97814254822264,22869.4,,0
2026-04-20,2465.0,2466.1,2410.9,2429.9,35944.0,3515.7,0,68336.35,0,74.0857142857144,70.77970379477814,22865.8,,0
2026-04-21,2429.9,2450.0,2420.1,2427.4,19344.0,3515.7,0,66736.1,0,67.72857142857154,67.859724952294,23042.35,,0
2026-04-22,2420.2,2496.0,2397.1,2465.6,58615.0,3515.7,0,65273.75,0,69.22857142857154,70.07688745570158,22991.5,,0
2026-04-23,2480.0,2529.9,2456.0,2494.6,69999.0,3515.7,0,64380.6,1,68.94285714285726,70.34996692315147,22810.85,,0
2026-04-24,2496.4,2509.6,2459.8,2472.0,56508.0,3515.7,0,64145.25,0,66.20714285714295,68.88211214292635,22570.05,,0
2026-04-27,2472.0,2495.0,2427.0,2439.2,121838.0,3515.7,0,63757.05,1,68.0142857142858,68.81910413271733,22821.4,,0
2026-04-28,2450.0,2466.3,2404.2,2410.2,53102.0,3515.7,0,59932.05,0,67.91428571428582,68.33916812323754,22765.6,,0
2026-04-29,2415.0,2428.5,2359.5,2366.6,161302.0,3515.7,0,64490.95,1,70.7500000000001,68.38637040014915,22871.0,,0
2026-04-30,2367.2,2370.8,2319.4,2336.4,113696.0,3515.7,0,64709.7,1,69.07857142857152,67.17305822870993,22683.55,,0
2026-05-01,2367.2,2370.8,2319.4,2336.4,113696.0,3515.7,0,64928.45,1,63.63571428571436,66.04641121237351,,,0
2026-05-04,2342.0,2387.4,2322.5,2349.9,114106.0,3515.7,0,68751.55,1,59.15714285714291,65.96452469720398,22830.75,,0
2026-05-05,2335.0,2399.0,2335.0,2363.7,103668.0,3515.7,0,71188.25,1,60.27857142857147,65.82420150454655,22808.25,,0
2026-05-06,2380.0,2450.0,2365.0,2423.3,70074.0,3515.7,0,71864.55,0,62.87142857142862,67.28675853993609,23133.4,,0
2026-05-07,2423.5,2490.0,2423.5,2481.3,129747.0,3515.7,0,77171.35,1,63.67857142857146,67.24484721565493,23214.0,,0
2026-05-08,2481.3,2504.9,2441.0,2476.9,68013.0,3515.7,0,77760.15,0,64.30000000000005,67.00592955739387,23115.65,,0
2026-05-11,2476.9,2476.9,2430.5,2436.2,31876.0,3515.7,0,76166.95,0,65.47857142857148,65.53407744615146,22795.75,,0
2026-05-12,2436.2,2493.7,2407.4,2448.8,84111.0,3515.7,0,77185.5,1,64.57857142857145,67.0173576285692,22299.9,,0
2026-05-13,2449.9,2520.0,2400.4,2411.7,137886.0,3515.7,0,81025.55,1,67.84285714285716,70.77326065509996,22377.35,,0
2026-05-14,2437.1,2466.2,2400.0,2416.7,57529.0,3515.7,0,82188.8,0,69.01428571428573,70.44659917973567,22613.1,,0
2026-05-15,2418.0,2458.6,2407.4,2438.8,44704.0,3515.7,0,82287.9,0,67.81428571428572,69.07184209546882,22531.15,,0
2026-05-18,2438.8,2440.0,2370.0,2389.8,70066.0,3515.7,0,83994.0,0,68.3785714285714,69.13813908864962,22461.05,,0
2026-05-19,2400.0,2422.6,2377.2,2389.4,76962.0,3515.7,0,86874.9,0,66.69285714285714,67.44255772517467,22521.75,,0
2026-05-20,2388.0,2397.8,2340.1,2346.8,80193.0,3515.7,0,87953.8,0,67.14285714285714,66.74666074480507,22578.15,,0
2026-05-21,2379.0,2379.2,2314.0,2320.7,106325.0,3515.7,0,89770.1,1,68.1285714285714,66.63618497731898,22602.85,,0
2026-05-22,2330.0,2344.0,2297.0,2306.9,185269.0,3515.7,0,96208.15,1,66.84999999999998,65.2336003360819,22651.3,,0
2026-05-25,2329.0,2341.0,2297.0,2300.1,111490.0,3505.0,0,95690.75,1,65.42142857142855,63.71691459779034,22929.45,,0
2026-05-26,2300.1,2314.4,2278.1,2282.4,155905.0,3505.0,0,100830.9,1,61.84999999999997,61.758563555091044,22897.2,,0
2026-05-27,2295.0,2315.9,2283.2,2296.2,179567.0,3500.0,0,101744.15,1,59.47857142857141,59.740094729727396,22967.4,,0
2026-05-28,2295.0,2315.9,2283.2,2296.2,179567.0,3500.0,0,105037.7,1,57.25,57.80865939188975,,,0
2026-05-29,2259.9,2267.0,2194.4,2210.2,304042.0,3500.0,0,114555.0,1,61.207142857142834,60.95089800675475,22657.0,,0
2026-06-01,2200.0,2219.9,2183.2,2204.4,81113.0,3500.0,0,112905.35,0,57.664285714285725,59.21869100627229,22437.95,,0
2026-06-02,2204.3,2204.3,2154.0,2188.8,93010.0,3500.0,0,112372.45,0,52.721428571428596,58.58878450582427,22521.1,,0
2026-06-03,2190.1,2198.1,2165.0,2181.0,53254.0,3500.0,0,111531.45,0,50.35714285714289,56.768157041122535,22451.85,,0
2026-06-04,2170.0,2188.5,2162.4,2166.6,38689.0,3500.0,0,106978.55,0,48.56428571428575,54.57757439532806,22497.7,,0
2026-06-05,2167.6,2185.0,2160.0,2164.1,28741.0,3500.0,0,105014.95,0,45.35000000000004,52.46489050994749,22465.35,,0
2026-06-08,2154.7,2189.9,2142.0,2183.8,84616.0,3500.0,0,107651.95,0,45.52857142857147,52.1388269020941,22173.7,,0
2026-06-09,2195.0,2216.0,2186.0,2194.7,84767.0,3500.0,0,107684.75,0,43.70714285714286,50.71462498051594,22370.15,,0
2026-06-10,2204.8,2210.0,2164.0,2174.9,68793.0,3500.0,0,104230.1,0,42.3357142857143,50.377866053336234,22233.85,,0
2026-06-11,2165.0,2170.0,2096.0,2103.2,238350.0,3500.0,0,113271.15,1,44.61428571428574,52.415161335240796,22114.45,,0
2026-06-12,2116.0,2131.9,2088.1,2121.5,357494.0,3500.0,0,128910.65,1,44.60000000000004,51.799792668437895,22599.8,,0
2026-06-15,2135.1,2169.8,2111.0,2122.5,162107.0,3500.0,0,133512.7,1,46.2071428571429,52.2998074778352,22891.3,,0
2026-06-16,2127.0,2208.7,2126.0,2202.8,199157.0,3456.0,0,139622.45,1,49.971428571428596,54.72124980084696,22997.25,,0
2026-06-17,2210.0,2213.0,2171.0,2199.8,230873.0,3450.0,0,147156.45,1,50.63571428571429,53.81258910078646,23109.7,,0
2026-06-18,2200.0,2276.1,2188.0,2266.2,225717.0,3369.2,0,153126.05,1,49.65714285714288,56.261689879301706,23206.45,,0
2026-06-19,2260.0,2350.0,2237.6,2332.0,251981.0,3363.8,0,156461.65,1,55.064285714285724,60.2715691736373,23144.2,,0
2026-06-22,2358.1,2375.9,2322.3,2363.1,134021.0,3358.9,0,157588.2,0,55.29285714285714,59.795028518377485,23261.85,,0
2026-06-23,2369.9,2404.8,2355.1,2396.7,115544.0,3358.9,0,155570.15,0,56.47857142857145,59.07395505277911,23010.95,,0
2026-06-24,2396.9,2398.9,2360.1,2366.6,100402.0,3344.0,0,151611.9,0,57.38571428571432,57.62581540615205,23126.3,,0
2026-06-25,2360.0,2386.6,2333.1,2354.8,119066.0,3344.0,0,148586.85,0,59.42142857142861,57.33111430571262,23113.7,,0
2026-06-29,2347.8,2408.9,2343.2,2354.4,161701.0,3319.9,0,141469.8,1,60.69285714285719,57.92889185530459,23000.0,,0
2026-06-30,2365.6,2460.9,2335.4,2450.3,218133.0,3272.5,0,148320.8,1,67.35714285714292,62.75539957992569,22995.65,,0
2026-07-01,2476.8,2504.7,2426.8,2464.7,133980.0,3254.9,0,150369.3,0,69.63571428571433,63.83715675278811,23111.65,,0
2026-07-02,2467.0,2467.0,2405.0,2415.8,63088.0,3227.2,0,150861.0,0,68.42857142857146,63.70593127044611,23264.8,,0
2026-07-03,2415.8,2426.7,2380.0,2395.5,57138.0,3220.0,0,151783.45,0,68.63571428571429,62.49122189398566,23301.15,,0
2026-07-04,2443.4,2443.4,2347.0,2347.0,340.0,3220.0,0,150363.4,0,71.32142857142857,64.91327747298669,,,0
2026-07-06,2390.2,2405.9,2370.0,2398.0,27786.0,3220.0,0,147521.9,0,69.3714285714286,64.48375765348764,23433.95,,0
2026-07-07,2409.9,2409.9,2386.2,2399.2,3192.0,3220.0,0,143443.15,0,68.06428571428576,61.570632106809974,23368.85,,0
2026-07-08,2399.8,2432.7,2386.2,2424.9,27723.0,3220.0,0,141389.65,0,65.09285714285718,60.49415838489498,22908.05,,0
2026-07-09,2410.8,2447.9,2397.3,2444.3,6493.0,3220.0,0,129796.8,0,60.67857142857146,59.787432785973905,23081.15,,0
2026-07-10,2441.0,2453.8,2423.5,2446.8,6957.0,3220.0,0,112269.95,0,59.01428571428577,57.68118758697578,23348.4,,0
2026-07-11,2465.0,2802.0,2438.2,2802.0,954.0,3220.0,0,104212.3,0,81.45000000000005,79.54681704504894,,,0
2026-07-13,2439.9,2439.9,2410.0,2419.1,3381.0,3200.0,0,94423.5,0,106.67857142857146,101.86490154183116,23347.05,,0
2026-07-14,2420.5,2445.0,2418.3,2431.8,4687.0,3200.0,0,83114.2,0,104.76428571428573,96.49598000312892,23199.45,,0
2026-07-15,2476.0,2500.9,2451.2,2483.7,49110.0,3200.0,0,74283.85,0,105.00714285714285,94.5391242886197,23263.9,,0
2026-07-16,2477.1,2510.0,2466.2,2506.2,12487.0,3198.1,0,62309.15,0,99.17142857142858,90.91490112514688,23232.65,,0
2026-07-17,2506.3,2510.6,2430.0,2454.8,56156.0,3184.3,0,58415.9,0,99.36428571428574,90.17812247335067,23336.3,,0
2026-07-20,2454.5,2500.0,2445.4,2483.1,56883.0,2936.0,0,55482.85,1,98.8357142857143,87.63682801096847,23338.05,,0
2026-07-21,2475.0,2510.0,2465.2,2506.6,41484.0,2895.0,0,52536.95,0,98.70000000000005,84.57705458161358,23352.15,,0
2026-07-22,2498.9,2562.8,2462.2,2552.8,102143.0,2883.4,0,51690.8,1,99.00000000000007,85.72155068292692,23145.05,,0
2026-07-23,2560.0,2570.0,2490.0,2495.0,60968.0,2883.4,0,46654.15,1,100.50714285714291,85.31286849128928,22982.4,,0
2026-07-24,2490.2,2525.8,2455.0,2514.3,63793.0,2883.4,0,38937.15,1,103.87142857142862,84.27623502762576,22913.3,,0
2026-07-27,2524.0,2563.8,2494.1,2551.2,67921.0,2883.4,0,35634.2,1,105.5285714285715,83.23507538279536,23153.1,,0
2026-07-28,2553.9,2669.0,2538.8,2632.6,101759.0,2883.4,0,37567.75,1,111.21428571428578,86.58971285545282,23114.9,,0
2026-07-29,2645.9,2670.0,2609.0,2626.4,59537.0,2883.4,0,37687.7,1,113.40714285714292,84.76187622292048,23352.6,,0
2026-07-30,2616.0,2639.4,2591.3,2610.7,68326.0,2883.4,0,41087.0,1,90.85714285714289,82.14317077842614,23353.55,,0
2026-07-31,2617.9,2679.0,2564.7,2655.4,118467.0,2883.4,0,45621.05,1,71.02142857142861,84.44008715139572,23460.7,,0
2026-08-01,2655.4,2655.4,2575.8,2655.4,602.0,2883.4,0,45491.55,0,74.80000000000005,84.09436664058173,,,0
2026-08-03,2665.4,2665.4,2630.0,2658.0,52129.0,2883.4,0,46711.85,1,72.39285714285721,80.61619759482589,23802.85,,0
2026-08-04,2680.2,2684.0,2601.3,2647.0,99739.0,2883.4,0,51374.15,1,75.1714285714286,80.7650406237669,23690.15,,0
2026-08-05,2648.0,2650.2,2625.0,2626.2,6008.0,2883.4,0,51326.7,0,71.21428571428575,76.79610915064067,23735.55,,0
2026-08-06,2546.9,2591.0,2540.5,2579.5,40361.0,2883.4,0,53297.05,0,73.43571428571431,77.43210135416633,23729.45,,0
2026-08-07,2570.0,2624.9,2570.0,2608.6,7269.0,2883.4,0,53491.45,0,74.15714285714287,75.82266554315447,23712.1,,0
2026-08-10,2595.8,2614.7,2576.1,2605.6,4712.0,2883.4,0,53492.7,0,69.72857142857141,73.16390371864343,23743.2,,0
2026-08-11,2617.0,2617.0,2577.0,2601.9,34056.0,2883.4,0,52740.0,0,66.87142857142855,70.79505345302604,23681.15,,0
2026-08-12,2601.0,2624.9,2579.5,2620.2,64718.0,2883.4,0,55351.55,1,65.05714285714284,68.98112106352418,23672.45,,0
2026-08-13,2620.0,2640.0,2606.4,2624.1,6146.0,2883.4,0,52851.05,0,62.478571428571385,66.45389813041531,23658.1,,0
2026-08-14,2667.0,2697.0,2648.0,2688.8,94952.0,2883.4,0,54754.5,1,58.38571428571426,66.9143339782428,23594.9,,0
2026-08-17,2688.0,2710.0,2660.0,2702.9,84337.0,2883.4,0,56897.15,1,57.59999999999997,65.70616726551117,23564.45,,0
2026-08-18,2700.0,2919.0,2691.1,2877.4,477841.0,2883.4,0,75682.05,1,70.44285714285714,77.29144103226038,23472.4,,0
